st_code,dt_code,state,district,current_ac_cr,savings_ac_cr,deposit_cr,credit_cr,population,housing_loan_cr,con_durable_loan_cr,auto_loan_cr,education_loan_cr,cc_loan_cr,others_loan_cr
35,638,ANDAMAN & NICOBAR ISLANDS,NICOBAR,16.9,104.1,213.8,60.7,35247,0,0,0.5,0,0,52.5
35,639,ANDAMAN & NICOBAR ISLANDS,NORTH AND MIDDLE ANDAMAN,30.4,531.9,918.6,333.1,127300,35.2,0,13.8,1.1,0,196.5
35,640,ANDAMAN & NICOBAR ISLANDS,SOUTH ANDAMAN,463.2,3457.8,7124.9,3907.7,310058,755.4,2.1,236.3,31.6,15.3,1533.8
37,553,ANDHRA PRADESH,ANANTHAPURAMU,771.6,6230.3,14370.2,25230.8,2973224,4271.4,7.9,614.9,341.5,211,4255.6
37,554,ANDHRA PRADESH,CHITTOOR,434.5,4017.6,8148.5,15654.7,2468538,1609,2.2,282.4,241.9,168,2332.1
37,545,ANDHRA PRADESH,EAST GODAVARI,1026.2,7142.1,16475.5,31838.7,2314455,5940.7,59.3,942,566.3,213.8,4864
37,548,ANDHRA PRADESH,GUNTUR,4775.8,13369.7,38386,53881.9,2763081,10054.2,72.9,1060.3,1268.3,426.6,5986
37,547,ANDHRA PRADESH,KRISHNA,3463.4,16765.1,44104.3,64112.2,2310446,9974.4,102.2,1553.8,1206.1,262,7529.1
37,552,ANDHRA PRADESH,KURNOOL,775.1,5652.3,13068.6,21249.1,3161467,4614.4,7.9,809.7,302.9,165.3,4403
37,549,ANDHRA PRADESH,PRAKASAM,677.1,5777.5,12092.7,27256.9,3052062,3437.4,11,474.8,414.8,162.8,3729.3
37,550,ANDHRA PRADESH,SRI POTTI SRIRAMULU NELLORE,1226.5,7675.3,17921.9,36197.7,3259638,6315,32.7,1064.8,572.3,281.4,6489.9
37,542,ANDHRA PRADESH,SRIKAKULAM,536.1,5737.3,11097.2,17805.4,2701419,2609.4,10.6,394.2,215.1,94.1,3996.9
37,544,ANDHRA PRADESH,VISAKHAPATNAM,6004.1,18612.1,72040.4,80681.2,2560185,18181.3,147.1,2461.6,1299.7,858.3,13060.7
37,543,ANDHRA PRADESH,VIZIANAGARAM,409.6,3835.8,8696.4,13456.1,2394165,2912.6,7.4,347.3,194.6,105.8,2765.8
37,546,ANDHRA PRADESH,WEST GODAVARI,1219.3,6853.1,15478.4,33675,2355895,4911.3,15.5,582.9,480,179.3,3508.4
37,551,ANDHRA PRADESH,Y.S.R.,838.1,5431.5,11760,22807.2,2727756,3366.7,23.1,526.7,317.5,237.8,4055.9
12,253,ARUNACHAL PRADESH,CHUNGLANG,111.3,452.9,836.3,309.4,236261,2.4,0.1,10.5,0.6,0,247.2
12,247,ARUNACHAL PRADESH,EAST KAMENG,38.8,162.1,240.2,183.1,115156,30.9,0.1,10.6,0.1,0,124
12,251,ARUNACHAL PRADESH,EAST SIANG,180.4,794.9,1478.3,653.6,115060,66.5,0.2,111.6,1,3.7,365.2
12,784,ARUNACHAL PRADESH,LEPARADA,,,,,27620,12.1,0,9.9,0,0,73.6
12,259,ARUNACHAL PRADESH,LOHIT,63.2,259.3,522.9,224.4,71664,2.7,0,18,1.2,0.8,154.8
12,761,ARUNACHAL PRADESH,LONGDING,47.1,104.3,184.5,139.4,77999,2.7,0.1,5.8,0.5,0,99.9
12,258,ARUNACHAL PRADESH,LOWER DIBANG VALLEY,121.3,372.1,783.2,199.1,78467,2.5,0.2,28.4,0.3,3.4,116.6
12,779,ARUNACHAL PRADESH,LOWER SIANG,,,,,27007,37.9,0,12.2,0.3,0,88.6
12,255,ARUNACHAL PRADESH,LOWER SUBANSIRI,118,390.4,742.3,351.4,165518,29.5,0,30.4,0.5,1.1,227.6
12,762,ARUNACHAL PRADESH,NAMSAI,242.3,302.9,862.3,282.3,157057,9.4,0.2,37,0.4,0.7,165.4
12,248,ARUNACHAL PRADESH,PAPUMPARE,1455.1,5995.1,12170,4674.1,307307,628.3,2.2,552.1,9,22,1374
12,764,ARUNACHAL PRADESH,SIANG,,,,,63090,0.4,0,2.7,0,0,28.5
12,245,ARUNACHAL PRADESH,TAWANG,155.9,571.8,1896.2,244.9,80186,7,0,29.6,0.1,1.8,136.5
12,252,ARUNACHAL PRADESH,UPPER SIANG,,,,,46994,0.7,0,10.6,0,0,71.2
12,249,ARUNACHAL PRADESH,UPPER SUBANSIRI,76.1,212,350.9,279.9,158450,52,0,25.5,0.3,0,174.8
12,246,ARUNACHAL PRADESH,WEST KAMENG,226.4,585.5,1456.6,568.5,124341,34,0.5,48.1,0.6,0.3,297.6
12,250,ARUNACHAL PRADESH,WEST SIANG,93.9,485.1,895.3,378,63002,46.3,0.1,48.4,0.2,0.2,226.6
18,324,ASSAM,BAKSA,63.8,713,1157.1,857.7,1792876,135.8,2,24,7,4.2,361
18,303,ASSAM,BARPETA,194,2483.6,3934.5,3146.9,2083553,364.3,2.2,255.5,16.5,24.6,957
18,756,ASSAM,BISWANATH,149.3,1176.3,1988.9,1438.2,869905,190,1,79.2,9.1,6.1,532.5
18,319,ASSAM,BONGAIGAON,242,1974.8,3746.1,2603,891378,392.2,7.9,268.8,9.4,12.1,827
18,316,ASSAM,CACHAR,664.1,5235.6,11417.8,5369.1,2695603,599.9,9.5,491.3,39.6,32,1557.2
18,755,ASSAM,CHARAIDEO,71.8,747,1187.8,631.7,663765,60.2,0.3,38,2.3,2,272.8
18,320,ASSAM,CHIRANG,77.8,888.4,1610.9,885.2,933479,111.3,0.2,60.9,2.7,1.9,347.7
18,325,ASSAM,DARRANG,149.6,1558,2611.9,2182,1323874,275.7,2.7,131.5,15.1,18.3,648.4
18,308,ASSAM,DHEMAJI,153.3,1048.8,1703.8,1618.4,918665,218.8,4.9,98.7,6.6,5.3,683.2
18,301,ASSAM,DHUBRI,220.8,1995.6,3406.3,2209.9,1788760,242.8,1.1,86.1,8,14.7,889.5
18,310,ASSAM,DIBRUGARH,680.3,5647.2,14150.7,7558.6,1980011,896.7,18.3,730.9,40.1,44.6,1987.8
18,302,ASSAM,GOALPARA,168.9,1577,2583.3,1727.6,1346682,154.7,2.2,149.6,6.8,17.6,562.6
18,313,ASSAM,GOLAGHAT,253.8,2221.2,4093.6,3923,1707975,379.7,4,289.3,17.5,27.7,1049
18,318,ASSAM,HAILAKANDI,92.9,1232.6,1929.9,839,982307,89.3,0.6,18.5,2.6,3.8,363.3
18,757,ASSAM,HOJAI,151.6,877.5,1532.7,882.2,1441417,94,0.2,49.1,3.6,17.7,283.2
18,312,ASSAM,JORHAT,494.2,4239.3,8883,6012.5,1349926,1052.4,6.8,694.9,43.9,38.6,1641.5
18,321,ASSAM,KAMRUP,389.6,3829.3,6924.6,4441.2,2029182,656.3,6.3,174.2,61.5,20.9,1369.1
18,322,ASSAM,KAMRUP METROPOLITAN,6491.4,28858.4,83961.7,52381,1841857,7517.7,78.9,4385.8,289.6,320.9,10974.3
18,314,ASSAM,KARBI ANGLONG,175.5,842.3,1617.8,1158.6,901301,93.6,1.8,93.7,2.8,8,676.1
18,317,ASSAM,KARIMGANJ,231.3,2662.1,4668.9,1745.7,1782859,125.1,0.9,69.2,5.8,14.8,589.9
18,300,ASSAM,KOKRAJHAR,408.6,2081.7,3825.4,1987.6,1708739,242.8,1.3,105.2,6.6,11.9,874.9
18,307,ASSAM,LAKHIMPUR,169.4,2061.6,3256.9,3245.2,1520575,514,2.6,334.9,14.8,12,1061
18,760,ASSAM,MAJULI,9.2,198,291.7,292.3,193607,39.6,0,22.5,0.8,0.9,135.7
18,304,ASSAM,MORIGAON,121.6,1215.3,1929.6,1493,1482886,200.3,0.8,74.2,6.1,11.1,443.7
18,305,ASSAM,NAGAON,462.4,4514.7,8418.5,6167.2,3050773,718.1,5.3,608.2,22,25.1,1894.3
18,323,ASSAM,NALBARI,123.7,2028.7,3291.2,2390.1,1280693,441.2,36.7,137.7,15.4,12.2,808.2
18,315,ASSAM,DIMA HASAO,87,712.5,1248.8,481.7,372552,43.6,3.6,33.4,1.8,0.8,315.2
18,311,ASSAM,SIBSAGAR,225.1,2668.5,5422.5,3644.4,1036403,397.9,4.2,392.9,16.6,24,1384.8
18,306,ASSAM,SONITPUR,441.2,3315.2,6609.9,4613.7,1904311,809.5,4,468.6,29.5,24.7,1270.2
18,758,ASSAM,SOUTH SALMARA-MANKACHAR,26.9,322.7,444.9,245.8,682746,40.3,0.1,7.8,0.6,0.8,81
18,309,ASSAM,TINSUKIA,651.4,4204.4,9121.4,5234.7,1848126,560.5,7.1,592.7,28.5,31,1072.1
18,326,ASSAM,UDALGURI,110.9,1068.8,1652.6,1217.6,1217007,174.1,1,26.3,12.1,5.4,534.7
18,759,ASSAM,WEST KARBI ANGLONG,11.1,160,220.7,184.8,471259,13,0.2,3.6,0.7,0.5,139
10,209,BIHAR,ARARIA,370.5,3768.8,5403,3962.5,4714711,258,5.1,124.4,24,35.9,913.1
10,240,BIHAR,ARWAL,51.3,1356.9,1979.4,676.4,763022,54.2,1.1,29.1,8.2,5,196.5
10,235,BIHAR,AURANGABAD,412.6,5269.8,8697.2,3672.1,4061661,384.3,6.1,143.3,43.8,19.2,897.6
10,225,BIHAR,BANKA,181.7,3155.1,4609.4,2175.9,3581383,164.9,3.3,63,14.7,9,467.1
10,222,BIHAR,BEGUSARAI,635.6,6650.6,11439.7,7769.1,4951050,697.8,7.6,301.4,62.2,51,1679.2
10,224,BIHAR,BHAGALPUR,838.6,9415.5,18325.6,8563.2,4498110,1402.3,18.3,356.6,92.6,68,1900.9
10,231,BIHAR,BHOJPUR,514.7,6624.8,11517.2,4414.9,4262064,629.9,9.8,227.3,44.6,28.5,1261.8
10,232,BIHAR,BUXAR,249.6,4305.8,6955.3,2678.7,2652070,271.2,3.2,89.7,24.3,22.3,748.9
10,215,BIHAR,DARBHANGA,667.1,8587.5,14850.8,6744.6,5920946,1021.3,18.7,312.8,91.5,54.6,1777.7
10,236,BIHAR,GAYA,1126.1,11091.8,20476.6,10286.6,6963510,1394.8,17.9,549.5,236.2,58.6,2143.9
10,217,BIHAR,GOPALGANJ,305.2,6521.3,9143.3,3486,3787299,245.7,10.8,140.7,24,38.2,785.3
10,238,BIHAR,JAMUI,273.2,3028.3,4786,1982.1,2829770,108.6,1.3,52.1,9.4,16.5,694.3
10,239,BIHAR,JEHANABAD,142,2693.6,4327.6,1595.9,1818879,169.3,5,56.1,17.6,10,463.3
10,233,BIHAR,KAIMUR,229.5,2800.1,4411,2382.6,2532972,153.2,2,77.2,19.8,17.3,595.5
10,212,BIHAR,KATIHAR,561.6,5456.5,8304,5508.7,4831083,556,14.3,128.9,40.5,19.4,1246.5
10,223,BIHAR,KHAGARIA,226.1,2649,4072.3,2210.2,2658172,123.5,2.7,57.9,16.5,14.8,582.3
10,210,BIHAR,KISHANGANJ,343.2,2536.3,3934.8,2615.1,2818302,190.2,3.1,63.6,21.9,19.9,657.3
10,227,BIHAR,LAKHISARAI,149.2,2154.9,3296.7,1327.9,1517498,96.5,2.6,34.4,13.8,6.4,430
10,213,BIHAR,MADHEPURA,281.5,2922.8,4226.9,2493.5,3253562,170.2,5.1,81,15.7,21.1,737.4
10,207,BIHAR,MADHUBANI,389.7,7082.1,10385.3,4512.2,6718944,499.5,13.9,145.5,66.2,52,1509.8
10,226,BIHAR,MUNGER,348.7,4354.9,8418.2,2523.8,2178324,245,7.2,94.2,22.9,18.9,1084.9
10,216,BIHAR,MUZAFFARPUR,1169.6,12391.1,23671.6,16126,7962314,2268.7,49.1,878.3,161.9,152.2,2668
10,229,BIHAR,NALANDA,528.9,7188.3,11848,4925.1,4710110,577.1,11.4,221.8,37.4,51.1,1101.5
10,237,BIHAR,NAWADA,262.5,4029.9,5837.2,2711.5,3544562,348,4.8,106.9,25.1,19.1,638.4
10,203,BIHAR,PASCHIMI CHAMPARAN,374.6,4922.1,7368.2,5241.9,6447878,382.4,9.4,162.2,42.3,51.4,1495
10,230,BIHAR,PATNA,9839,74558.9,173145.6,81653.2,8852137,15996.7,143.7,4497.9,808.2,574.8,13586.6
10,204,BIHAR,PURBI CHAMPARAN,604.9,8151.7,12148.3,8792.4,8223720,575.2,15.9,254.5,70.1,69.8,1871.2
10,211,BIHAR,PURNIA,812.9,5403.4,9161,8360.9,5349809,1140.2,11.6,460.7,65.4,42.8,1556.4
10,234,BIHAR,ROHTAS,547.4,6552.4,10515.4,4975.9,4634493,493.5,7.4,223.8,48.2,36.5,1210.3
10,214,BIHAR,SAHARSA,258.4,3394.4,5314.2,2991.9,3131855,250,7.4,93.7,25.1,12.3,906.2
10,221,BIHAR,SAMASTIPUR,593.9,7999.6,12486,6891.1,7040151,703.1,38.8,268.6,63.5,72.3,1599.1
10,219,BIHAR,SARAN,541.2,9898,15957.7,5678.7,6004072,493.2,25.1,206.4,44.5,34.5,1586.9
10,228,BIHAR,SHEIKHPURA,103.7,1572.1,2373.3,1022,1039223,88.6,0.5,33.2,9,9.6,260.5
10,205,BIHAR,SHEOHAR,50.1,1015.3,1246.3,747.8,1126968,54,9.7,20.6,3.7,10.6,159.2
10,206,BIHAR,SITAMARHI,346,5722.2,7976.4,4019.4,5438013,407.5,9.5,118.4,48.1,45.3,993.5
10,218,BIHAR,SIWAN,470.2,9559.6,14325.8,5921.5,5029348,434,22.1,240.7,41.5,50,981.7
10,208,BIHAR,SUPAUL,279.3,3372,4711.5,2789.7,3785742,177.5,10.6,87.4,19.9,26.3,938.1
10,220,BIHAR,VAISHALI,580.7,7878.6,12592.7,8843.5,6009192,786.3,36.4,270.6,62.7,56.4,1251.8
4,55,CHANDIGARH,CHANDIGARH,6801.8,38008.3,120400.5,90943.3,1225416,12593.3,86.1,3286.3,448,658,4780.5
22,719,CHHATTISGARH,BALOD,156.1,1843.7,3380.3,1513.2,1195990,220.5,3.9,70.5,8.7,4.9,385.1
22,721,CHHATTISGARH,BALODABAZAR,272.4,3138.9,5173.9,3414.4,2106402,521.8,6.7,183.5,14.3,13.2,419.8
22,716,CHHATTISGARH,BALRAMPUR,143.8,1368,2022.7,706.1,1087073,81,3,50.7,1.7,7.8,270
22,414,CHHATTISGARH,BASTAR,365.9,2511.8,5090,3518.6,1147069,434.2,7.2,352.6,24.2,9.8,1059
22,718,CHHATTISGARH,BEMETARA,127.5,1464.9,2257,1466.1,865234,164.5,1.7,54.1,5.2,4.1,189.3
22,417,CHHATTISGARH,BIJAPUR,61.6,602.7,864,542.6,366149,16.3,0.1,17.5,2.5,0.7,447.6
22,791,CHHATTISGARH,BILASPUR,1835.7,8151.5,25767.6,16575,474465,3838.9,34.9,1166.9,87.8,44.9,2321.3
22,416,CHHATTISGARH,DAKSHIN BASTAR DANTEWADA,174.5,1711.5,2533.6,2815.6,382517,74.9,0.8,50.5,5,1.2,475
22,412,CHHATTISGARH,DHAMTARI,283.8,2355.6,4237.3,3107.3,1119360,400.8,4.9,197.8,13.7,11.3,378.9
22,409,CHHATTISGARH,DURG,1582.7,10116.9,29954.5,16588.3,2513088,4039.9,40.6,1075.2,209.7,94.8,2305.9
22,720,CHHATTISGARH,GARIYABAND,104,925.6,1482.5,962.3,967051,79.8,3.9,44.9,3.2,6.3,199
22,406,CHHATTISGARH,GAURELA-PENDRA-MARWAHI,71.8,637.2,1127.3,655.6,2272422,58.9,2.3,38.3,3.7,2.4,175
22,405,CHHATTISGARH,JANJGIR-CHAMPA,287.9,2999.5,5505,3378.8,2808624,453.6,9.9,249.1,14.7,17.2,661.5
22,402,CHHATTISGARH,JASHPUR,246.3,2283.4,3554.1,1708.8,1191095,215.9,11.4,165.7,9.9,5,594.4
22,407,CHHATTISGARH,KABEERDHAM,238.1,1352,2249,1815.6,1423471,188.1,6.4,127.7,4.6,5,344.7
22,722,CHHATTISGARH,KONDAGAON,141.5,1035.9,1656.2,1013.4,812679,104.4,0.5,65.9,4.9,2.7,432.8
22,404,CHHATTISGARH,KORBA,681.6,5432.1,11305.6,7112.8,1775891,724.6,10.4,538.9,41.3,24.4,1491.5
22,400,CHHATTISGARH,KORIYA,73.2,804.3,1688.4,513.1,966265,68.1,6.1,33.2,4.9,4.7,166.1
22,411,CHHATTISGARH,MAHASAMUND,219.2,2165.6,3850.7,3548.9,1471254,342,18.8,214.2,18.6,13.2,497.7
22,717,CHHATTISGARH,MUNGELI,106.2,1139.6,1789.7,1177.5,986854,155.3,0.3,37.8,4.3,4.7,248
22,415,CHHATTISGARH,NARAYANPUR,46.6,480.1,676.1,290.9,148838,28.4,0.5,12.5,0.6,0.6,168.4
22,403,CHHATTISGARH,RAIGARH,839.1,4613.5,9324.8,7971.3,2078612,883.1,25.5,520.8,39.5,28.1,1140.7
22,410,CHHATTISGARH,RAIPUR,7874.8,32713.3,80355.9,102482.7,3517888,11220.5,111.1,2516.5,408.3,216.1,4860.8
22,408,CHHATTISGARH,RAJNANDGAON,435.3,2904.5,5808.1,4137.4,2237696,763.7,9.1,257.1,23.1,14,558.6
22,723,CHHATTISGARH,SUKMA,83.6,658.4,868.8,371.5,340189,17.8,0,11.7,1.8,0.5,291.6
22,715,CHHATTISGARH,SURAJPUR,180.9,1762,3288.4,1201.3,1164390,120.5,4.8,93.9,6.1,5.3,402.4
22,401,CHHATTISGARH,SURGUJA,417.3,3000,6152.2,3324.4,1227496,451.6,45.1,325.5,21.1,17,580.8
22,413,CHHATTISGARH,UTTAR BASTAR KANKER,195.4,2015.5,3264.3,1959.4,1078634,219.3,2.4,103.6,9.7,4.5,722.5
26,496,DADRA AND NAGAR HAVELI AND DAMAN AND DIU,DADRA&NAGAR HAVELI,1196.8,3567.7,8740.9,5085.9,760304,1613.7,4,227,22.4,155.5,335.9
26,495,DADRA AND NAGAR HAVELI AND DAMAN AND DIU,DAMAN,428.2,2142.8,5028.1,2214.2,245838,463.7,1.1,162.9,12.7,87.9,214.1
26,494,DADRA AND NAGAR HAVELI AND DAMAN AND DIU,DIU,111.4,1176.9,2926.2,199.9,90914,28.1,0.1,16.3,7.1,4.7,48.3
30,585,GOA,NORTH GOA,3533.2,16920.2,62242.5,18839.5,1066838,5674.6,47.8,1311.4,184.9,229.2,2329.4
30,586,GOA,SOUTH GOA,1972.6,15521.2,55517.2,12596,871025,4333.1,28.2,1159,282.3,168.1,1790.4
24,474,GUJARAT,AHMEDABAD,36799.2,93127.1,364733.8,345869,11076253,60043.7,477.4,9706.8,1622.6,2603.1,16638.5
24,480,GUJARAT,AMRELI,633.3,4390.4,9714.2,6824.9,2053617,591,2.9,263.9,28.9,70.4,594.3
24,482,GUJARAT,ANAND,1636.4,11441.6,42987.6,17331.4,3502228,3644.1,108.2,974.3,264.5,196.6,1504.4
24,725,GUJARAT,ARAVALLI,291.8,2440.6,5144,4610.6,1589532,906.1,2.9,164.5,17.9,30.7,414.6
24,469,GUJARAT,BANAS KANTHA,868.2,5523.2,11995.1,17451.2,4763930,2334,30.4,709.9,64.6,174.2,1072.5
24,488,GUJARAT,BHARUCH,2577.7,10021.9,30442.1,19350,2104491,5798.4,41.1,1270,105.2,389.8,1638
24,481,GUJARAT,BHAVNAGAR,1849.5,9010.3,24025.1,17297.5,3536559,3790.6,25.9,865.8,105.9,222.1,1991.6
24,726,GUJARAT,BOTAD,199.4,1568.1,3068.7,2585.3,905449,123.8,3.8,113.1,4.8,21.4,151.5
24,731,GUJARAT,CHHOTAUDEPUR,175.3,1783.7,3411.6,2370.5,1518964,467.7,10,121.7,11.6,16.2,256.5
24,489,GUJARAT,DANGS,34.5,528.5,822.7,211.9,342480,12.1,0,40,1.2,2,76.7
24,728,GUJARAT,DEVBHUMI DWARKA,443.2,2507.8,5758.6,2663.3,1119853,235.5,3,120.9,17.8,61.8,292.2
24,485,GUJARAT,DOHAD,432.8,3051.5,5862,3835,3459263,807.4,8.5,313.8,17,24.7,724.7
24,473,GUJARAT,GANDHINAGAR,4203.1,27055.8,56922.6,26864.5,1659413,13384.1,46.6,1379.7,168.7,256.1,2260.1
24,729,GUJARAT,GIR SOMNATH,684.7,3276.6,7507.9,4204.8,1606767,432.4,8.7,264.8,37.1,125.1,436.6
24,477,GUJARAT,JAMNAGAR,1849.5,9027.9,25661.2,16994,1770525,3748.1,9,942.5,70.1,235.6,1328.7
24,479,GUJARAT,JUNAGADH,848.6,7223.4,18177.6,10694,2142813,1926.7,25.2,551.9,73.4,117.7,881.5
24,468,GUJARAT,KACHCHH,3796.2,12848.8,55912.2,27912,3083436,4950.6,24.7,1787.6,63.3,430.1,2738.4
24,483,GUJARAT,KHEDA,824.3,6734,20271.6,9555.4,2592795,2252.2,12.9,568.9,70.1,94,852.5
24,471,GUJARAT,MAHESANA,1597,9892.7,23108.3,22245.8,2775568,5927,41.4,1219.3,74.9,183.2,1934.6
24,730,GUJARAT,MAHISAGAR,182.1,2098.6,4606.6,2798.8,1320146,780.4,2.8,172.2,10.2,27.8,421
24,727,GUJARAT,MORBI,2198.8,5647.3,12828.8,23820.7,1387717,1064.4,4,1022,21.9,130.8,508.5
24,487,GUJARAT,NARMADA,168,1422.7,2722.5,1689,874681,349.1,2.7,110.9,6,8.2,223
24,490,GUJARAT,NAVSARI,1034.9,10310.9,28068.7,9783.5,1819785,3022.4,26.4,806,131,116.5,956.7
24,484,GUJARAT,PANCH MAHALS,668,3491.2,8403.3,6979.7,2459387,2227,10.8,462.2,29.5,58.7,761.9
24,470,GUJARAT,PATAN,382.5,3441.7,7461.4,5244.9,1869439,922.3,14.1,299.9,20.3,60,387.1
24,478,GUJARAT,PORBANDAR,495.7,3295.4,11187.5,3880.8,835324,810.2,4.6,169,30.1,49.9,449.8
24,476,GUJARAT,RAJKOT,6557,25485.6,75973.6,71070.1,4459640,16639.4,139.5,3014.2,377.6,628,4894.9
24,472,GUJARAT,SABAR KANTHA,587.6,4238.5,9416.8,11513.9,2044172,2249.2,20.9,646.5,39.5,123.4,863.5
24,492,GUJARAT,SURAT,15428.7,44006.6,124868.3,142844.5,10280872,40027.2,344.2,5236.8,666.2,1513.6,8558.5
24,475,GUJARAT,SURENDRANAGAR,661.9,5254.4,11180.8,8571.8,2283418,761.4,15.9,499.7,26.5,106,559.7
24,493,GUJARAT,TAPI,184,2191.3,4665.7,2260,1189512,748.4,4.9,206.4,18.9,17.2,338.3
24,486,GUJARAT,VADODARA,9591.7,37375.8,153609.9,96213.3,4337071,27039.9,313.4,4131.2,940.1,885.5,7318.5
24,491,GUJARAT,VALSAD,2408.2,11127.4,29123.8,21403.4,2585246,5140.6,74.7,1815.1,97.8,327.5,1782.8
6,70,HARYANA,AMBALA,1269.4,10072.5,32213.5,14931.8,1761012,2101.5,61.8,1010.2,129.7,252,1850.1
6,81,HARYANA,BHIWANI,406.9,4753,10235.2,7394.4,1718134,674.5,7.9,532,53.7,134.8,1020.2
6,765,HARYANA,CHARKI DADRI,204.4,1960.6,4093.3,2482,722879,180.5,8.7,181.5,13.6,26.4,382
6,88,HARYANA,FARIDABAD,6008.7,23274.3,80688.6,47359.4,3186138,13915.6,82.9,3004.8,230.4,629.6,3339.4
6,78,HARYANA,FATEHABAD,383,3550.3,7746.4,8446.6,1419603,578.3,13.4,319.1,46.1,100.1,729.1
6,86,HARYANA,GURUGRAM,49050.3,81809.6,392290.9,259365.3,3354891,48581.2,124.5,7389.5,582.1,3766.2,11889.3
6,80,HARYANA,HISAR,1494.4,9791.4,23692.2,24770,2591215,3515.5,28.4,1531.5,169.2,240,2928
6,83,HARYANA,JHAJJAR,759.2,6530.4,15767.9,10048.3,1351899,1788.5,12.5,724.5,100,159.5,1016.1
6,77,HARYANA,JIND,576,5414.7,10896.4,9954.4,1966010,995.1,8.8,519.9,56.1,129.1,1226.7
6,73,HARYANA,KAITHAL,495.4,4734.9,9848,10385.8,1649181,929.7,10.3,445.1,36.8,180.2,812.4
6,74,HARYANA,KARNAL,1430.8,10703.8,26517.4,30975.3,2275123,4169.1,42.8,1739.1,156.8,300.8,2448.9
6,72,HARYANA,KURUKSHETRA,666.9,7732.1,19055.8,10931.7,1453433,2080,11.5,552.9,95.3,172.2,1121.9
6,84,HARYANA,MAHENDRAGARH,310,4524,9519.6,4739.7,1282843,454.8,9.2,389.2,35.6,93.2,1096
6,89,HARYANA,PALWAL,334.6,3849.7,7517.6,4789.5,1732683,611.2,17.4,471,31.8,120.4,648.9
6,69,HARYANA,PANCHKULA,2843.6,16987.2,56679.5,23540.7,779708,6255.4,18.3,904.7,171.2,275.1,1891.7
6,75,HARYANA,PANIPAT,1889.1,8261.4,19950.6,26392.3,1990658,2520.3,43,1306.5,120,305.5,1558.9
6,85,HARYANA,REWARI,960.9,6848.2,16634.8,10007.2,1334419,1979.2,17.6,932.1,62.8,186.9,1458.6
6,82,HARYANA,ROHTAK,986.7,9249.8,24021.8,17524.2,1584655,4228.7,18.1,1499.9,225.3,217.3,2929.1
6,79,HARYANA,SIRSA,590.2,5109.4,11926.9,13706,2023225,1241.1,21.8,470.8,73.3,144.8,1012.6
6,76,HARYANA,SONIPAT,1438.2,11335.5,28955.9,16649.3,2360798,2990,14.2,1296,117.2,273.9,1409.8
6,71,HARYANA,YAMUNANAGAR,980.3,7482.7,19905.4,13112.3,1839001,1769,45,670.1,114.5,203.3,1130.6
2,30,HIMACHAL PRADESH,BILASPUR,125.8,2143.6,7140.3,1720,708741,316.9,2.7,142.8,20,13,360.4
2,23,HIMACHAL PRADESH,CHAMBA,110.7,1880.3,4725.6,1431.4,814165,310.2,2.1,107.1,12.3,12.2,431.8
2,28,HIMACHAL PRADESH,HAMIRPUR,413.3,4055.6,12386.3,2681.5,689841,602.5,3.9,250.7,58.2,21.6,538.6
2,24,HIMACHAL PRADESH,KANGRA,736.7,10835.2,33371.6,8186.4,2327985,1874.8,10.9,683.3,106.6,66,1829.3
2,34,HIMACHAL PRADESH,KINNAUR,60.7,615.1,1395.6,599.8,120047,50.1,1,41,3.4,2.1,174.7
2,26,HIMACHAL PRADESH,KULU,363,3188,8552.1,3579.2,631156,834.3,8.7,200.3,25.9,23,512.8
2,25,HIMACHAL PRADESH,LAHUL & SPITI,22.1,350.1,772.3,175.3,42968,25.6,0,9.7,0.1,0.3,49.2
2,27,HIMACHAL PRADESH,MANDI,291.6,5191.4,15473.7,4258.8,1549753,838.8,5.1,408.6,51.7,36.3,878.2
2,33,HIMACHAL PRADESH,SHIMLA,1078.8,10192.2,33369.8,10491.9,1228822,2493.2,14.5,780.2,94.8,81.2,1520.9
2,32,HIMACHAL PRADESH,SIRMAUR,356.9,2523,6931.8,5293.4,756216,923.5,3.8,197.4,100.6,51.2,535.7
2,31,HIMACHAL PRADESH,SOLAN,1023.1,5648.2,16344.3,13135.6,923966,2481.5,9.5,668.1,72.1,136.3,1105
2,29,HIMACHAL PRADESH,UNA,257,3982.4,10981.7,3349.2,784720,581.6,6.6,248.1,56.6,29.4,481.8
1,14,JAMMU & KASHMIR,ANANTNAG,919.8,3615.6,7860.7,5883.4,1741725,683.1,294.5,331.1,33.1,66.2,1719.2
1,2,JAMMU & KASHMIR,BADGAM,660.1,2749.3,5467.7,5378.5,1337823,693.1,259.8,216.9,32.6,63,1597.2
1,9,JAMMU & KASHMIR,BANDIPORA,212,954.6,1572.5,1500.9,591096,216.9,85.1,56.5,8,9.7,531.4
1,8,JAMMU & KASHMIR,BARAMULLA,1116.9,3825,7109.6,6661.4,1648282,1009.1,367.2,488.8,55.1,56,2002
1,16,JAMMU & KASHMIR,DODA,253.7,1587.5,3165.9,2450,778491,501.2,149,134.4,6.6,13.3,801.1
1,11,JAMMU & KASHMIR,GANDERBAL,276.8,1003.5,1956,1890,1065975,240.9,97.6,111.7,7.9,22.2,561
1,21,JAMMU & KASHMIR,JAMMU,3110.6,16997.3,62263.3,23988.4,2447076,3594.9,705.2,2320.3,339.8,260.1,6301.2
1,7,JAMMU & KASHMIR,KATHUA,474.5,3360.2,9487.6,4901,894819,608.7,168.4,400.3,26.1,25.3,1130.2
1,18,JAMMU & KASHMIR,KISHTWAR,232.3,1231.5,2574.3,1558,316105,319.7,98.8,80.8,3.2,8.1,484.6
1,15,JAMMU & KASHMIR,KULGAM,282.2,1518.7,2808.1,2306.2,905679,209.3,108.3,125.9,12,20,529.1
1,1,JAMMU & KASHMIR,KUPWARA,356.3,1754.8,2991.7,4316.6,1539059,837.5,245.4,239.4,32.3,31,1488.4
1,5,JAMMU & KASHMIR,POONCH,254,1849.5,3632.6,1944,966823,422.8,137.5,163.3,3.2,7.7,684
1,12,JAMMU & KASHMIR,PULWAMA,584,2376.8,4674.2,5038.6,1415688,463.8,167.3,298,23.5,52.3,1105.2
1,6,JAMMU & KASHMIR,RAJOURI,421.7,2430.3,5958.9,3302.6,918343,573.6,169.8,306.2,8.5,13.3,1305.5
1,17,JAMMU & KASHMIR,RAMBAN,226,954.2,2029.3,1414.6,508249,210.1,75,62.1,2.8,6,531
1,20,JAMMU & KASHMIR,REASI,247.6,1434.2,3806.4,1957,505140,228.6,113.4,126.4,10.8,14.8,693.2
1,22,JAMMU & KASHMIR,SAMBA,309.6,2303.8,6998.8,4176.7,583500,361.9,91,306.7,25.5,28.5,1041.8
1,13,JAMMU & KASHMIR,SHOPIAN,356.6,1072.2,1866.3,2365.8,546428,205.8,70.6,138,13,19.3,283.9
1,10,JAMMU & KASHMIR,SRINAGAR,4264.8,14526.3,36141.4,18529.9,1010883,2087.3,820.8,905.9,122.1,327.7,4834.6
1,19,JAMMU & KASHMIR,UDHAMPUR,351.1,2533.4,7018.7,3489.9,970628,524.8,128.2,304.2,14.6,19,1436.4
20,355,JHARKHAND,BOKARO,1040,8615.1,25336.5,8519,3077879,1048.9,21.2,769.4,141.9,64.9,2083.9
20,347,JHARKHAND,CHATRA,234.1,3408.5,4622.2,1225.9,1736900,40.2,2.7,62,7,6.6,350
20,350,JHARKHAND,DEOGHAR,826.3,4569,10246.2,3700.2,2397341,446.2,5.9,236.3,52.9,26.6,893.7
20,354,JHARKHAND,DHANBAD,2545.5,14712.6,41601.5,15340.7,3842505,1624.3,43.6,1286.5,203.6,84.2,4264.4
20,362,JHARKHAND,DUMKA,567.6,2792,5417.9,1824.5,1948202,110.4,2.4,162.1,9.3,7.6,509.4
20,346,JHARKHAND,GARHWA,262.7,2193.4,3303.1,1042.9,2164762,45.9,1.6,61.5,8.6,8.9,349.1
20,349,JHARKHAND,GIRIDIH,497.9,5583.9,10516.7,4464.9,3854535,227.9,10.3,269.5,35.5,17.8,813.9
20,351,JHARKHAND,GODDA,234.7,3212,5150.4,1728.9,1999904,128.3,0.3,91.7,13.5,7,570.7
20,366,JHARKHAND,GUMLA,204.7,2748,3926.4,1095,1608613,71.7,2,67.3,9.8,2.9,315.4
20,360,JHARKHAND,HAZARIBAG,1371.4,6567.1,13905.9,5714.2,2667628,561.6,17.3,560.1,59.1,39.1,1269.1
20,363,JHARKHAND,JAMTARA,99.3,1476.1,3050.1,740.2,1171976,39,1.7,29.6,7.2,1.6,290
20,365,JHARKHAND,KHUNTI,123,1570.1,2341.8,930.3,837110,65.2,1.1,46.9,5.5,3.8,360.8
20,348,JHARKHAND,KODERMA,297.7,2582.9,4750.2,1767.1,1139824,112.5,6.7,142.3,19.8,12.5,299
20,359,JHARKHAND,LATEHAR,223.2,1788,2513,1102.7,1187257,27.3,0.8,44,5,1.1,387.9
20,356,JHARKHAND,LOHARDAGGA,134.6,1458.9,2161.2,888.5,735851,64.7,2.4,55,7.2,5.3,225.6
20,353,JHARKHAND,PAKUR,205,1894.1,2758.5,1200.2,1366639,69.3,1.8,117.6,3.7,3.6,215.5
20,358,JHARKHAND,PALAMAU,816.6,4330.7,7420.2,2351.5,2970991,116.1,2.9,157.2,25.3,14.2,844.6
20,368,JHARKHAND,PASCHIMI SINGHBHUM,658.4,5771.7,36866.2,4121.5,2201702,161.6,8.2,119.7,30.3,15.8,696.6
20,357,JHARKHAND,PURBI SINGHBHUM,2501.3,13534.1,42944.8,23477.5,3508415,3078.4,84.5,1670.5,726.2,176.5,3039.4
20,361,JHARKHAND,RAMGARH,584.2,4490.8,9925.4,3853.2,1359894,371.1,9.9,267.1,43.8,23.4,1206.4
20,364,JHARKHAND,RANCHI,6687.4,36894.1,91535.1,43666.1,4468559,6179.8,96.5,3117.9,741.9,213.2,6568.5
20,352,JHARKHAND,SAHEBGANJ,352.2,2089.3,3465.5,1249.6,2400037,61.7,2.2,52,11.5,7.5,386.6
20,369,JHARKHAND,SERAIKELA-KHARSAWAN,327.8,3007.6,6728.4,4258.8,1479916,416.1,5.4,279.4,65.8,20.7,606.2
20,367,JHARKHAND,SIMDEGA,113.4,1378.2,1928,513.7,857637,30.6,1,37.5,3.5,2.3,144.7
29,556,KARNATAKA,BAGALKOTE,769.4,4291.8,10042.6,10936.2,2508423,1525.1,29.3,440.5,147.9,34.1,1412.3
29,583,KARNATAKA,BENGALURU RURAL,5005.6,6391,37185,23635.5,1620568,6177.6,8,524.4,151.2,137.6,1538.2
29,572,KARNATAKA,BENGALURU URBAN,144699.1,273346.5,1201175.5,770850.6,16022298,194203.9,1077.3,23237.9,4674.7,10925.6,67630.6
29,555,KARNATAKA,BELAGAVI,2799.8,13954.1,38647,27956,6597014,5015.5,70.1,1096.3,509.4,102.8,4065.7
29,565,KARNATAKA,BALLARI,1075.1,4322.8,14355.3,12147.1,2138539,1360.9,6.5,383.1,138.4,62.8,1530.3
29,558,KARNATAKA,BIDAR,405.8,3417.7,6373.3,6068.9,2266330,737.2,4.1,251.7,126,81.8,1326.7
29,557,KARNATAKA,VIJAYAPURA,883.9,5104,11712,11087.3,3178826,1559.8,10.1,482.6,152.5,29.6,1586.6
29,578,KARNATAKA,CHAMARAJANAGAR,238.3,2203.1,4070.8,5406.2,1298553,830.9,4.7,96.1,59.9,14.2,665
29,582,KARNATAKA,CHIKKABALLAPURA,350.5,3270,6081.3,6660.4,1594291,1509.1,4.1,218.4,97.8,35.4,771.5
29,570,KARNATAKA,CHIKKAMAGALURU,504.8,4984.5,12187.2,10849.9,1400713,1940.1,24.3,349.4,236.6,29.9,1155.8
29,566,KARNATAKA,CHITRADURGA,485.8,3959.9,7617,8369.4,2158593,1414.9,20.8,320.4,121.6,26.2,1333
29,575,KARNATAKA,DAKSHIN KANNAD,3593.8,18488.4,68551.1,45533.9,2848352,10580.2,128.6,2147.6,904,168.2,3894.3
29,567,KARNATAKA,DAVANGERE,728,5074.5,11035.5,14793.7,2537882,2398.4,24.4,789.1,227.8,56.4,2041.7
29,562,KARNATAKA,DHARWAD,1818.6,10468.2,31792,31124.3,2519778,6121.2,57,1371.5,367.7,92,4581.2
29,561,KARNATAKA,GADAG,332.7,2689.4,5844.1,4920.6,1470983,814.2,8.5,138.1,66.4,13.4,711.1
29,579,KARNATAKA,KALABURAGI,1266.4,7676.4,16971.8,13746.3,3569266,2159.2,16.7,627,200,99.8,2312.2
29,574,KARNATAKA,HASSAN,715.9,6129.1,14072.5,15040.6,2201757,2539.7,19.9,533.2,240.8,58.3,1748.1
29,564,KARNATAKA,HAVERI,534.5,3094.3,6513,11281.9,1929887,1452.6,62.3,311.7,107.9,18.5,1079.3
29,576,KARNATAKA,KODAGU,396.2,3580,8659.8,6226,684593,1127.4,7.9,227,151.2,23.9,732.9
29,581,KARNATAKA,KOLAR,620.4,4472,9346.3,8399.2,1938793,1230.7,3.4,323.5,124,62.1,1138.2
29,560,KARNATAKA,KOPPAL,493.7,2674.1,5321,6307.5,1873426,681.7,12.2,164.8,74.4,19.6,815.8
29,573,KARNATAKA,MANDYA,427.3,4576.2,8877.8,12019.4,2252193,1674.8,13.5,386.9,207.7,37.4,1445.7
29,577,KARNATAKA,MYSURU,2602,18742.2,56189.2,43775.7,3971061,11980.2,106.2,2074.9,726.9,303.3,6229.8
29,559,KARNATAKA,RAICHUR,854,4048.1,8938.6,11245.8,2596405,1140.5,8.3,343.6,131.4,41.9,1471.4
29,584,KARNATAKA,RAMANAGARA,2516.5,4795.5,17651.9,14011.1,1394303,1966.9,5,234.8,104.9,108.7,949.5
29,568,KARNATAKA,SHIVAMOGGA,866.9,7854.8,20809.2,16363.5,2253788,3387.5,28.6,758,352,59.2,2177.8
29,571,KARNATAKA,TUMAKURU,1276.5,8262.8,18022.2,17540.6,3325959,3067.2,10.5,747.8,240.6,68.9,2194.3
29,569,KARNATAKA,UDIPI,1307.1,10073.9,38331.9,16961,1372400,5044.9,45.3,912,781.6,53.6,1517.1
29,563,KARNATAKA,UTTAR KANNAD,711.9,6755.4,18696.8,6771.1,1924844,1019.1,14.8,309.5,255.9,27.4,1199.4
29,580,KARNATAKA,YADGIR,292.9,2072.8,3479.7,4365.7,1666279,446.7,5.1,128.3,44.7,20,582
32,598,KERALA,ALAPUZHA,1056.4,11935.4,48547.4,25644.6,2631078,5995.8,20.5,1409.9,1197.2,107.2,3555.8
32,595,KERALA,ERNAKULAM,15439.9,38926.2,179971.5,180201.3,4203855,28098.2,127.6,5094.6,3440.7,909.4,11680.8
32,596,KERALA,IDUKKI,592.6,4516.2,12095.5,12707.6,1236674,2608.8,4,601.9,656.2,32.7,1234.9
32,589,KERALA,KANNUR,1299.9,16300.8,43760.1,22845.9,3197092,6328.4,7.5,1811.2,851.9,143.4,2616.2
32,588,KERALA,KASARAGOD,517.6,6035.2,12810.6,10845.9,1606870,2275.2,5.3,844,360.4,44,1064
32,600,KERALA,KOLLAM,1188.5,14099.3,51385,32278.3,2941367,7936.7,11.3,1841.5,1131.8,89.5,4254.7
32,597,KERALA,KOTTAYAM,1852,15542,65489.4,33575.1,2391402,9740.6,11.8,1964.4,1745.1,159.5,3794.7
32,591,KERALA,KOZHIKODE,2892,18464.7,47750,37544.4,4004966,8813.3,137.8,2962.1,1338.8,258.5,3923.8
32,592,KERALA,MALAPPURAM,2264.4,21437.3,36796.5,22364.5,5305179,3508.2,13.2,2410.6,686.2,195.2,2439.4
32,593,KERALA,PALAKKAD,1427.6,13406,42142.8,27835.8,3583229,6377.1,15.1,1364.2,695,174.3,3694.8
32,599,KERALA,PATHANAMTHITTA,727.9,11884.1,64356.7,16394.9,1566123,4328.4,9.6,1080,783.6,61.9,2451.5
32,601,KERALA,THIRUVANANTHAPURAM,8437.6,30885.4,122931.3,89579.2,3900210,20330.9,109.6,3073.7,1715.1,493.6,8775.8
32,594,KERALA,THRISSUR,3920.2,24202.5,100564.2,53191.6,3900036,10858.7,46.8,2431.7,1596.3,354.9,5356.2
32,590,KERALA,WAYANAD,367.9,2875.4,5893.8,7048.3,1005993,1429.9,4.8,369.5,280.6,41.8,759.5
38,4,LADAKH,KARGIL,704.4,1638.8,3196,1266.7,222396,355.7,46,43.6,0.6,3.9,448.7
38,3,LADAKH,LEH LADAKH,974.4,2292.4,6160.7,2924.2,217943,222.2,85.6,147.5,4.2,7,1444
31,587,LAKSHADWEEP,LAKSHADWEEP,271.3,1036.9,1588.9,185,67481,25.8,0.3,1.4,0.5,0.3,87.5
23,724,MADHYA PRADESH,AGAR-MALWA,84.5,686.1,1225.2,2803.8,845995,207.2,5.1,69,8.3,6.9,249.8
23,465,MADHYA PRADESH,ALIRAJPUR,74.3,777.1,1269.8,735.6,1155990,152.6,4.2,42.5,5,5.6,196.5
23,461,MADHYA PRADESH,ANUPPUR,210.2,2193.8,4775.9,1290.7,1145942,127.6,39.8,77,10.6,6.4,488.7
23,459,MADHYA PRADESH,ASHOKNAGAR,145.4,1257.3,2579.5,3113.5,1372462,143.9,6.3,74.4,11.6,9.8,363.5
23,457,MADHYA PRADESH,BALAGHAT,361.2,3019.9,5848.1,3926.6,2363915,659.6,27.7,234,29.9,13.1,892.6
23,441,MADHYA PRADESH,BARWANI,241.3,1631.3,3668.6,4328.7,2222716,483.4,8.7,206.6,28.4,15.1,512.7
23,447,MADHYA PRADESH,BETUL,352.7,4350.4,9384.4,5315.5,2230095,660.1,25.5,273.3,50.4,25.9,832.9
23,420,MADHYA PRADESH,BHIND,196.4,3334.2,5181.9,2561.8,2518019,235.7,19.6,125.3,18.6,13.8,798.8
23,444,MADHYA PRADESH,BHOPAL,7893.1,42137.9,133135.1,105826.2,3727906,14770.3,105.1,3056.6,657.6,453.9,5750.8
23,467,MADHYA PRADESH,BURHANPUR,230.2,1580.7,3519.1,2623.1,1144654,278.7,7.3,92.8,28.1,12.6,296.3
23,425,MADHYA PRADESH,CHHATARPUR,411.4,4204.3,7941.1,3737.6,2694826,410.6,2.9,209.6,24.1,29.7,716
23,455,MADHYA PRADESH,CHHINDWARA,500.8,4284.9,9988.4,6943,2994834,1004.5,27.5,453.8,42.4,39.5,1139.4
23,428,MADHYA PRADESH,DAMOH,226.4,2263,4315.6,2786.4,1830018,296.9,4.4,142.6,13.9,11.5,593.8
23,422,MADHYA PRADESH,DATIA,147.4,1750.2,3260.4,2325.4,1243145,171.9,0.8,79,10,13.9,400.7
23,437,MADHYA PRADESH,DEWAS,495.4,3456.7,7689.8,9501.4,2324601,1342.4,14.8,348.3,53.9,60.8,910.9
23,438,MADHYA PRADESH,DHAR,628,4410.2,9655.4,10695.4,3419232,1532.3,23.3,443.1,55.1,107,1054.3
23,453,MADHYA PRADESH,DINDORI,82.9,983.7,1592.1,749.2,1160642,81.7,15.9,37.9,2.3,3.4,244.9
23,466,MADHYA PRADESH,EAST NIMAR,287.3,2365,5492.6,5640.2,1902951,1003.2,12.8,191.1,42.4,25.3,760.2
23,458,MADHYA PRADESH,GUNA,321,2171.8,4977.7,5474.5,1868528,388.8,6.7,187.9,33.4,28.1,902.6
23,421,MADHYA PRADESH,GWALIOR,1793,12051.8,34574.9,20917.8,3264266,3950.6,48.5,1931.9,243.2,189.6,2959
23,448,MADHYA PRADESH,HARDA,165.3,1606.2,3291.1,3926.5,843500,450.1,9.2,109.3,22.4,11.8,312.9
23,449,MADHYA PRADESH,NARMADAPURAM,568.1,4264.2,10191.3,9696.2,1731832,1442.5,35.5,310.4,54.5,36.9,999
23,439,MADHYA PRADESH,INDORE,9054.8,29161.1,105980.7,100588.7,5301497,23885.4,173.6,4674.4,1275.7,966.6,7972.6
23,451,MADHYA PRADESH,JABALPUR,2984.8,14459.8,43369.9,29370,3603268,5354.2,57.4,1593.2,213.5,361.3,3472.8
23,464,MADHYA PRADESH,JHABUA,134.8,1095,2005,2387.8,1631239,425.9,8.9,103.9,13.1,8,480.6
23,450,MADHYA PRADESH,KATNI,576.2,3831.4,8478.7,5174.9,1880175,697.2,12.1,286.6,31.8,16.9,861.9
23,454,MADHYA PRADESH,MANDLA,190.8,2209.3,4217.7,2084.1,1400622,229.7,24.5,165.7,10,5.8,523.5
23,433,MADHYA PRADESH,MANDSAUR,382.1,2584.3,5557.5,7391.5,1815540,704.6,20.6,246.6,37.1,35.3,700.7
23,419,MADHYA PRADESH,MORENA,329.8,3311.4,6091.9,4833.7,3018829,534.9,8.8,184.3,22,36.2,1113.4
23,452,MADHYA PRADESH,NARSIMHAPUR,381.5,2695.2,5894.6,5396.7,1615268,405.4,10.5,163.8,22.1,13,501.5
23,432,MADHYA PRADESH,NEEMUCH,340.3,1912.7,4436.2,4854.7,1161008,492.7,9.3,196.7,29.6,22.2,616.1
23,782,MADHYA PRADESH,NIWARI,49.4,713.5,1229.2,396.4,616160,38,0.4,20.5,2.9,2.8,165
23,426,MADHYA PRADESH,PANNA,108,2086.1,3519.1,1432.6,1555566,91.8,3,58.8,7.4,7,425.7
23,446,MADHYA PRADESH,RAISEN,328.2,2710.5,5155.8,7212.1,2001409,1008.4,26.4,223.2,24.6,25,558.7
23,442,MADHYA PRADESH,RAJGARH,236,1811.1,3689.6,6534.3,2286059,460.9,13.4,196.4,28.3,22.7,914.8
23,434,MADHYA PRADESH,RATLAM,585.6,3592.5,8255.1,11013.2,2135819,1502.1,32.5,410.6,57.9,65.8,1129.7
23,430,MADHYA PRADESH,REWA,620.3,6548,13264.1,6107.9,3587374,862.7,9.5,420.5,36.9,41,918.9
23,427,MADHYA PRADESH,SAGAR,829.7,6561.5,15246.3,8800.2,3558330,1110.2,15.6,453.7,53.2,42.7,1251
23,429,MADHYA PRADESH,SATNA,573,5367.6,12642.5,5749.1,3353003,673.8,11,425.4,35.4,41.3,776
23,445,MADHYA PRADESH,SEHORE,372.4,3164.7,6448.7,7493.7,2005618,769.6,16.4,229.1,33.9,31.2,652.3
23,456,MADHYA PRADESH,SEONI,263.2,2644.6,5039.6,3758,2017252,526.1,16.3,175.2,18.1,13.8,620.8
23,460,MADHYA PRADESH,SHAHDOL,293.5,3015.1,6090.1,2603.1,1366288,340.8,10.7,217.7,17.9,21.1,618.6
23,436,MADHYA PRADESH,SHAJAPUR,194.8,1577.6,3114.9,5714.5,1364668,357.1,9.7,151.7,29.3,19.9,516
23,418,MADHYA PRADESH,SHEOPUR,96.4,943.9,1475.3,1398.7,1153626,77.5,2.1,41.2,5.7,9.1,231.9
23,423,MADHYA PRADESH,SHIVPURI,324.9,2686.2,5235.8,3705.9,2637485,245,3.5,198.3,16,18.3,778.7
23,462,MADHYA PRADESH,SIDHI,178.9,2647.3,4178.8,1502.5,1651270,95.4,2.9,148.1,8.4,16.3,407.9
23,463,MADHYA PRADESH,SINGRAULI,571.7,3736.4,15369,2322,1998779,159.8,6.9,261.8,19.8,16.2,671.8
23,424,MADHYA PRADESH,TIKAMGARH,181.8,1773.5,3273.8,1551.9,1565801,116.7,1.7,60.3,7,8.3,345.8
23,435,MADHYA PRADESH,UJJAIN,974,6799.3,18113.4,15856.5,2871304,2593.9,37.4,761.5,110.5,94.2,1643
23,431,MADHYA PRADESH,UMARIA,149.1,1653.6,3147.7,1060.4,1082127,93.8,16.9,60.4,7.4,5.1,386.3
23,443,MADHYA PRADESH,VIDISHA,331.2,2846.2,5946.5,6685.9,2179378,606.5,4.9,168.7,33.6,37.7,537.4
23,440,MADHYA PRADESH,WEST NIMAR,443.2,2997.9,6604.6,7883.5,2759205,1321.4,17.8,328,50.9,35.3,883.9
27,522,MAHARASHTRA,AHMADNAGAR,3227.2,13940.9,35865.4,28611.1,6306930,5280,85.9,1761.4,308.2,364.1,3065.5
27,501,MAHARASHTRA,AKOLA,1012.1,4729.8,12005.7,9351.9,2533134,1922.3,25,404.9,138.3,86.8,1462.3
27,503,MAHARASHTRA,AMRAVATI,1952.6,9974.4,22254.7,17034,3985345,4713.1,42.3,788.3,232.7,92.3,2455.1
27,506,MAHARASHTRA,BHANDARA,526.2,3871,7684.3,3279.7,1441683,665.2,5.3,214.1,56.6,21.6,599.5
27,523,MAHARASHTRA,BID,1748.6,5283.3,11460.8,9142.9,3734985,1731.4,13.6,444.4,83.4,100.9,1648.1
27,500,MAHARASHTRA,BULDHANA,1255.8,5659.7,14846.6,11796.6,3656455,1865.2,24,412.5,135.1,108.6,1867.5
27,509,MAHARASHTRA,CHANDRAPUR,1602.8,8344,19596.8,8862.6,2913005,1798.8,19.2,694.2,98.6,54.8,1647.1
27,498,MAHARASHTRA,DHULE,1115.1,5558.8,12904.2,9954.1,3065934,2195.5,17.7,392.5,97.5,90.4,1472.5
27,508,MAHARASHTRA,GADCHIROLI,622.1,2890.1,5025.7,1836.9,1463980,375.2,4.1,149.3,22.4,5.5,467.2
27,507,MAHARASHTRA,GONDIA,691.4,3939.2,7355.7,3916.5,1947236,569.5,7.9,278.5,37.7,26.7,507.6
27,512,MAHARASHTRA,HINGOLI,433.7,1638.7,3272.9,3401,1692314,487.5,5.1,173.3,27.7,29.2,520.1
27,499,MAHARASHTRA,JALGAON,2260.9,11729.1,27351.7,20373.2,5954197,5065.6,51.9,709.8,213.3,223.6,2576.4
27,514,MAHARASHTRA,JALNA,1124.3,3235.4,7222.5,9209.7,2883388,1205.3,6.2,341.3,58.6,74.3,1058.1
27,530,MAHARASHTRA,KOLHAPUR,3450.6,12337.5,36394.4,57528.3,4806655,7954.1,116.4,1899.7,463.7,17791.7,7900.7
27,524,MAHARASHTRA,LATUR,1506.1,5119,12670.1,12897.8,3432029,2274.8,13.6,575.2,124.9,103.3,2010.3
27,519,MAHARASHTRA,MUMBAI,347713.8,154186.2,2094187.7,1910841.2,3226420,70541.4,14288.6,5591.9,3248.6,54130,38409.1
27,518,MAHARASHTRA,MUMBAI SUBURBAN,138552,190261.7,1237744.3,1708944.1,13260220,387265.2,855.6,53204,11277.6,73763.6,137048.2
27,505,MAHARASHTRA,NAGPUR,10111.3,40623.3,133265.5,79133.5,6548380,22681.5,187.6,3583.9,1174.5,497.8,7850.2
27,511,MAHARASHTRA,NANDED,1679,6287.6,14713.3,14473.2,4760901,2630.8,17.8,648.8,124.4,73.2,3123.5
27,497,MAHARASHTRA,NANDURBAR,621.6,3086.5,6108,4367.5,2553565,1164.3,9.7,184.8,33.2,44.5,694
27,516,MAHARASHTRA,NASIK,7732.6,28928,87423.7,67610.2,9062916,22786.1,170.3,3048.3,648.8,703.3,6647.4
27,732,MAHARASHTRA,PALGHAR,3473.4,14984.9,39156.4,22840.2,4777228,12181.2,18.7,959.8,177.5,367.3,2867.4
27,513,MAHARASHTRA,PARBHANI,712.3,3261.7,6584,7062.4,2615703,869.2,7.4,298.1,56.3,54.5,1173.6
27,521,MAHARASHTRA,PUNE,64495.3,136470.7,545782.8,421490.8,14710848,154528.1,544.8,14376.4,2356.6,3972.7,31133.8
27,520,MAHARASHTRA,RAIGAD,4686.6,20769,60766,40722.8,3828358,23609.2,50.7,1737.9,437,247.1,4781.6
27,528,MAHARASHTRA,RATNAGIRI,1167.1,6832.4,14830.3,8443.2,1880323,2333.9,24.9,439.6,128.1,39.4,892.4
27,531,MAHARASHTRA,SANGLI,1819.5,8282.2,23506.2,18792.9,3953340,2944.9,37,956,223.6,177.1,1604.9
27,527,MAHARASHTRA,SATARA,1767.9,8669.1,24646.8,17429,3846530,4386.4,32.6,1054.3,230.2,195.9,1833.2
27,529,MAHARASHTRA,SINDHUDURG,564.8,3751.7,8933.8,3676.6,982304,931.3,10.4,249.8,105.3,21.1,429
27,526,MAHARASHTRA,SOLAPUR,3082.7,12752.3,31866.6,28842.2,5893725,5516.1,80.5,1518.2,271.6,178.3,3570.3
27,517,MAHARASHTRA,THANE,27302.7,85146.2,320843.7,195658,12317267,102494.8,531.4,6820.9,1762,8775.5,16711.8
27,504,MAHARASHTRA,WARDHA,859.9,5354.9,11990.9,9707.7,1701101,1224.2,12.4,273.1,109,42.8,782.7
27,502,MAHARASHTRA,WASHIM,491.9,1902.9,4091,4287.2,1687647,943.2,7.5,149.3,39.1,33.3,656
27,510,MAHARASHTRA,YAVATMAL,1263,6695.1,15321.6,10689.9,3865073,2161.6,13.9,493.3,128.8,71.2,1684.4
14,275,MANIPUR,BISHENPUR,19.7,310.1,394.4,557.7,370233,92.1,0.9,21,0.8,1.1,287.3
14,280,MANIPUR,CHANDEL,7.9,111.5,134.9,210.7,131985,22.2,0,1.6,0.3,0,176.6
14,274,MANIPUR,CHURACHANDPUR,71.2,843.7,1267.7,1015.3,322287,226.8,1,18.2,2.1,1.9,626.3
14,278,MANIPUR,IMPHAL EAST,220.5,950.2,1701,1452.1,527499,232.9,13.1,110.9,8.2,7.4,684
14,277,MANIPUR,IMPHAL WEST,1183.3,4828.1,8445.1,6184.7,773644,1045.9,16.8,632.8,50.1,24.1,2895.3
14,766,MANIPUR,JIRIBAM,8.4,118.5,153.3,53.3,68835,1.7,0,1.2,0,0,45
14,768,MANIPUR,KAKCHING,29.3,185.2,244.7,367.2,234393,84.2,0.1,4.9,0.8,0.6,195.8
14,767,MANIPUR,KANGPOKPI,32.6,241.6,357.1,320,328199,39.7,0,7.2,1.3,0,225.9
14,771,MANIPUR,NONEY,4.4,22,30.9,31.9,71161,0,0.1,0.2,0.1,0,26.7
14,272,MANIPUR,SENAPATI,34.3,435.2,605,546.7,598213,99.5,0.7,17.6,2.6,1.8,315
14,273,MANIPUR,TAMENGLONG,6,104.8,142.5,113,166518,2.5,0.1,2.6,0.2,0,95.3
14,769,MANIPUR,TENGNOUPAL,14.8,89.5,123,159.2,95129,17.7,0,3.8,0.2,0,126.6
14,276,MANIPUR,THOUBAL,30,344.4,473.2,840.5,497461,159.6,0.5,27.9,2.1,7.7,410.6
14,279,MANIPUR,UKHRUL,23.8,355.1,421.6,242.3,224403,5.1,0,5.2,0.2,0,204.4
17,294,MEGHALAYA,EAST GARO HILLS,67.3,244.5,432.7,275.6,238076,11.5,0.2,24,1,2.5,173.9
17,714,MEGHALAYA,EAST JAINTIA HILLS,56.4,244.2,630.3,160.9,210635,7.6,0,13.3,1,1.2,51
17,298,MEGHALAYA,EAST KHASI HILLS,2157.3,9378.7,22593.1,7484.4,1294147,688.1,21,629.5,194.8,33.4,2363.6
17,712,MEGHALAYA,NORTH GARO HILLS,50.8,244.2,387.8,264.9,256762,8.6,0,13.4,0.4,0.8,189.4
17,297,MEGHALAYA,RI BHOI,162.9,729.2,1904,2422.4,498240,254.4,0.2,231.8,10,5.7,972.1
17,295,MEGHALAYA,SOUTH GARO HILLS,24.3,166.2,236.7,142,219013,8.1,0,3.4,0.3,0.3,107.6
17,711,MEGHALAYA,SOUTH WEST GARO HILLS,44.6,209.9,320,226.5,206170,9.1,0,9.4,0.5,3.4,153.2
17,713,MEGHALAYA,SOUTH WEST KHASI HILLS,17.2,144.9,223,83.8,154001,5.6,0,2.1,1.6,0.3,60.5
17,293,MEGHALAYA,WEST GARO HILLS,270.5,1212.1,2186.3,1238.5,917585,127.6,0.5,95.6,10.2,7.2,724.3
17,296,MEGHALAYA,WEST KHASI HILLS,25.1,229.3,316.9,156.7,236008,10.4,0.1,4.4,1.9,1.6,97.3
15,283,MIZORAM,AIZAWL,638.4,4050.3,8685.5,3512.2,580956,1069.7,2.2,246.6,8.9,16.2,1143.3
15,284,MIZORAM,CHAMPHAI,43.9,173.1,325.8,173.8,105145,46.4,0,3.4,0.3,1.3,68.1
15,994,MIZORAM,HNAHTHIAL,,,,,,5.7,0,0.4,0,0,15.4
15,996,MIZORAM,KHAWZAWL,6.5,55.5,87.1,77.1,,19.1,0,0.6,0.3,0,42.2
15,282,MIZORAM,KOLASIB,16.9,175.9,320.6,215.6,150898,50.9,0,1.3,0.5,0.3,97.5
15,287,MIZORAM,LAWNGTLAI,86.7,159.4,313.9,258.3,181109,75.2,0,5.8,0.5,1.8,137.2
15,286,MIZORAM,LUNGLEI,43.8,354.7,638.3,372.7,191882,92.5,0.1,10.3,1.3,1.5,166.8
15,281,MIZORAM,MAMIT,8.8,82.9,149.7,94.1,178310,25.3,0,0.8,0.5,0,52.3
15,268,MIZORAM,SERCHHIP,16.4,98,178.7,124.8,41648,35,0,2.2,0,0.4,61.1
13,265,NAGALAND,DIMAPUR,682.6,2376.4,5887.7,3359.5,622528,383.5,2.9,369.3,14.3,17,1436.2
13,270,NAGALAND,KOHIMA,1664.2,3315,6584.3,1982.8,406144,168.2,13,141.6,6.9,7,1255.1
13,262,NAGALAND,MOKOKCHUNG,64.4,479.2,823.6,782.9,221157,29.3,3,25.2,1.1,2.4,585.3
13,261,NAGALAND,MON,54,211.8,326.9,392.5,303984,0.8,31.9,6.5,0.3,0,301.2
13,271,NAGALAND,PEREN,21.2,95,137.2,230.3,153518,1,0,5.5,0.2,0,177.2
13,266,NAGALAND,PHEK,22,225.2,281.6,325,211530,1.2,0,6.8,0.3,0,256.5
13,267,NAGALAND,TUENSANG,16.3,119.6,164.3,369,174484,1.2,0,3.5,0.1,0,317.5
13,264,NAGALAND,WOKHA,15,263.9,350.7,351.2,218617,5.9,0,10.2,0.2,0.4,270.3
13,263,NAGALAND,ZUNHEBOTO,41.4,143.8,249.7,398.9,176292,5.1,0.1,9.7,0.6,0,326.6
7,94,NCT OF DELHI,NEW DELHI,178346.2,402382.4,1934650.7,1786505,1408014,16845.6,502.3,3384.8,1001.7,2169.5,8124.7
21,384,ODISHA,ANUGUL,875.6,6862.3,17620.2,7088.3,1742680,674.5,9.8,488.5,40.2,72.4,1563.7
21,393,ODISHA,BALANGIR,541.4,4497.8,7929.7,4814.5,2526773,540.7,7.3,205.3,29.3,26.2,992.7
21,377,ODISHA,BALESHWAR,752.2,7006.8,16715.6,8401.5,3108665,1200,19.4,521.4,69.9,73.1,1480.4
21,370,ODISHA,BARGARH,470.6,4057.1,7333.9,4837.3,1950180,560.2,5.1,213.9,33.3,16.5,764.8
21,378,ODISHA,BHADRAK,363.9,4137.8,8278.3,4752.9,2027584,507.5,12.8,211,31,39.8,825.8
21,391,ODISHA,BOUDH,84.9,970.4,1545.3,1108.2,648172,115.9,0.8,43.3,3.2,4,241.1
21,381,ODISHA,CUTTACK,2301,14933.2,40072.9,18735.1,3590784,2930,50.7,1175.9,155,186.7,2958.4
21,373,ODISHA,DEOGARH,64.9,1093.4,1766,645.2,440463,52,1.5,47.1,3.3,3.1,151.5
21,383,ODISHA,DHENKANAL,351,3582.8,7995.9,3216.7,1720824,419.6,7.2,134.8,21.6,40.7,747.1
21,389,ODISHA,GAJAPATI,184.9,1666.6,2804.5,1196.6,789702,111.3,0.6,29.5,12.2,5.2,343.5
21,388,ODISHA,GANJAM,1412.3,11695.7,28172.7,14841.8,4843042,2020,17.8,534.4,121.6,105.9,3085.3
21,380,ODISHA,JAGATSINGHPUR,408.2,4343,16042,4067,1587919,380.9,8.6,178.9,30.9,36.3,730.8
21,382,ODISHA,JAJPUR,844,7414.4,14428.6,7624.3,2558466,580.9,10.1,367.9,40.2,81.4,1181
21,371,ODISHA,JHARSUGUDA,596.9,3202.5,8052,4230.2,780869,577.9,9.3,259,26.6,30.8,808.1
21,395,ODISHA,KALAHANDI,484.3,3463.1,5909.2,3698.4,2309193,395.9,5.2,167.4,26.2,15.9,797
21,390,ODISHA,KANDHAMAL,136.5,2128.3,3138.5,1440.2,1033723,74.6,1.3,55.1,7.5,3.6,559.9
21,379,ODISHA,KENDRAPARA,283.3,4292.4,8215.4,2865.7,2127945,255.1,16.2,119.6,26.4,29.3,609.9
21,375,ODISHA,KEONJHAR,1318.5,6042,22969.6,6581.6,2641776,447.4,17.8,465.2,32.1,42.2,1020.7
21,386,ODISHA,KHURDA,14213.6,44505.2,191727.7,101094,3186825,11987.9,154.5,4204.5,855.6,644.8,9085.9
21,398,ODISHA,KORAPUT,476.8,4158.6,7931.8,4082.1,1942849,408,2.8,245,33,41.4,1237.9
21,399,ODISHA,MALKANGIRI,119,1470.8,2092.7,1035.3,931699,60.9,1,57.4,3,9.9,352
21,376,ODISHA,MAYURBHANJ,640.6,7464.1,14354.1,5479,3637605,463.5,23.9,439.6,41.8,27.4,1255.4
21,394,ODISHA,NAWAPARA,138.1,1564.6,2395.7,1320,871627,138.8,0.9,62.5,7,4.4,355.2
21,397,ODISHA,NAWRANGPUR,203.8,1854.9,2812.8,1709.2,1762886,139.9,1.4,75.3,9.6,7.8,437.7
21,385,ODISHA,NAYAGARH,160.4,2553.4,4677.8,3112.4,1259658,402.9,6.7,97.1,20,12.1,585
21,387,ODISHA,PURI,487,5713.9,13340.4,5356.1,2321992,652.7,8.8,165,45.7,43.5,1012.5
21,396,ODISHA,RAYAGADA,312.3,2559.2,5064.4,2405.4,1395601,306.8,1.5,104.9,26,16.6,624.4
21,372,ODISHA,SAMBALPUR,1163.3,6311.3,29159.1,10117.3,1593338,1109.1,8.8,710.1,143.9,57.1,2723
21,392,ODISHA,SONEPUR,136.5,1471.1,2470.9,1516.2,828230,162.1,1.1,69.2,7.3,6.1,264.5
21,374,ODISHA,SUNDARGARH,1689.4,11065.2,31692.4,14845.7,2966760,1165.1,11.6,865.6,144.6,77.8,2082.4
34,637,PUDUCHERRY,KARAIKAL,131.4,1201.8,3154.1,2701.2,248186,382,6.2,108.5,33.1,11.4,440.8
34,636,PUDUCHERRY,MAHE,52,678.4,2009.4,732.1,74431,204,0.6,44.7,27.5,2.6,139.2
34,635,PUDUCHERRY,PUDUCHERRY,1701.7,8064.4,25045.6,17384.6,1330035,3235.8,34.8,863.3,281.7,137.5,3358.6
34,634,PUDUCHERRY,YANAM,30.5,245,479.4,611.8,87304,95.3,0.3,11.5,11.1,0.8,94.8
3,49,PUNJAB,AMRITSAR,3068.1,20492,61908.6,30844.7,3762384,4688.7,110.4,2223.5,286.5,481.5,3821.1
3,54,PUNJAB,BARNALA,312.7,3089.6,7483.5,4627.7,922808,404.9,10.3,224.1,17,81.4,494.4
3,46,PUNJAB,BATHINDA,1050.1,7605.2,22032.1,20388.5,2297341,2425.1,29.4,773,97.5,207.6,2785.6
3,45,PUNJAB,FARIDKOT,277.3,3581.5,9150.2,5835.1,882446,616.7,11.4,224.4,21.8,83.4,731.6
3,40,PUNJAB,FATEHGARH SAHIB,581.8,4292.6,10564.1,8622.7,872331,592.1,10.2,390.1,38.5,116.2,522.6
3,701,PUNJAB,FAZILKA,412.1,3695.8,8766,8948.9,1544458,785.6,7.2,259.9,49.2,145.9,951.6
3,43,PUNJAB,FEROZPUR,486.4,4494.9,11441,9342.4,1445454,582.7,10.8,419.8,32.7,127.7,1002.5
3,35,PUNJAB,GURDASPUR,701.8,10968.6,25779.7,9260,2409003,913.9,16.9,803.9,45.2,132.6,1686.3
3,38,PUNJAB,HOSHIARPUR,820.3,16566.4,42933,11015.5,2386128,1658.3,18.5,913.3,111.7,151,1784.3
3,37,PUNJAB,JALANDHAR,3354.2,30545.7,97598.7,32985.9,3337023,5060.4,60.9,2702.8,259.9,400.3,3571.8
3,36,PUNJAB,KAPURTHALA,640,10971.1,30306.1,7434.8,1180337,913.5,12.7,664,55.5,611.1,1030.1
3,41,PUNJAB,LUDHIANA,7089.8,36526.7,107454.4,93869.2,5379889,9114.7,163.1,4536.6,340.2,1025.6,5274.1
3,47,PUNJAB,MANSA,280.7,2421.8,5603.7,5810,989699,441.9,16.1,188.9,27.1,64.6,602.3
3,42,PUNJAB,MOGA,502,6599.2,15726.8,7321,1400831,661.1,16.9,376.5,32.9,109.9,740.7
3,44,PUNJAB,MUKTSAR,347.7,3624.4,8536.8,7957,1551282,621.9,15.4,248.2,25.1,117,717.5
3,773,PUNJAB,PATHANKOT,452.6,4619.5,13320.4,4893.3,975884,740.3,8.6,584.1,54.3,54.5,1251.1
3,48,PUNJAB,PATIALA,1346.5,15333.1,46290.1,29252.6,3075832,3719.7,85,1529.4,272.1,294.6,3130.1
3,51,PUNJAB,RUPNAGAR,346.6,5763,14146.4,4708.9,975006,1171.9,5.3,345.3,61.4,89.2,731.3
3,52,PUNJAB,SAHIBZADA AJIT SINGH NAGAR,3208,20131.2,59234,49676.1,2259130,16128.8,79.3,1847.3,407.9,366.9,2590.4
3,53,PUNJAB,SANGRUR,575.1,5702.9,15629.1,10497.1,1820639,913.5,8.6,449.8,50.5,158.9,1008.9
3,39,PUNJAB,SHAHID BHAGAT SINGH NAGAR,282.3,6592.5,16933.4,3451.8,860116,409.5,6.2,327.2,46.7,56.1,451.3
3,50,PUNJAB,TARN TARAN,424.3,5451.3,10529.2,5574.7,1710537,240.5,9.9,294.5,12.7,138.9,863.9
8,119,RAJASTHAN,AJMER,1400,9082.1,30382.6,20850.1,3874603,3764.2,42.3,1195.2,118.5,157.3,2478
8,104,RAJASTHAN,ALWAR,850.8,6765.9,16565.5,12834,5889581,2736.9,12.4,695.1,75.8,77.6,1882.2
8,125,RAJASTHAN,BANSWARA,309.1,3204.4,6819.2,5290.8,2843519,732.3,6.5,296.8,23.6,20.2,1103.1
8,128,RAJASTHAN,BARAN,274.3,2668.2,4873.5,5031.5,1861854,530.3,12.7,227.7,13.7,25.6,583.2
8,115,RAJASTHAN,BARMER,329.1,2930.7,5477.2,5766.8,4298572,397.4,5.3,283.5,7.7,37.7,1165.2
8,105,RAJASTHAN,BHARATPUR,437.4,4584.5,9884,6686.4,3871585,967.2,4.6,369.8,58.8,36.8,1350.4
8,122,RAJASTHAN,BHILWARA,1137.8,6125.9,14924.7,24069.3,3641551,3958.2,18.2,865,58.4,131.4,2040.6
8,101,RAJASTHAN,BIKANER,1400.6,7851,21502.4,21605.8,4124812,3105.8,17,918.7,92,75.9,2861.8
8,121,RAJASTHAN,BUNDI,247.2,2492.2,4938.9,5485.8,1711312,441.8,5,180.9,12,21,566.5
8,126,RAJASTHAN,CHITTAURGARH,547,4544.4,10723.8,9547.1,2373724,1550.6,15.2,464.4,34.2,61.5,1116.7
8,102,RAJASTHAN,CHURU,431.9,4994.2,9449.9,9262.5,2912332,757.7,17.1,340.6,33.5,57.5,1264.9
8,109,RAJASTHAN,DAUSA,285.9,4310.2,7656,5865.2,2821314,807.5,9.4,228.2,27.1,38.6,1353.8
8,106,RAJASTHAN,DHOLPUR,161.9,2205.4,3722.1,2498,1956729,224.3,2.3,168.6,13.8,25.1,536.9
8,124,RAJASTHAN,DUNGARPUR,295.6,3235.9,6429.6,3642.7,2114255,662.7,8.1,236.8,19.9,18,808
8,99,RAJASTHAN,GANGANAGAR,715,4788,13131.2,17234.5,2901400,2176.2,11.8,509.6,93.1,94.9,1979.1
8,100,RAJASTHAN,HANUMANGARH,484.9,4268.4,8940.7,15997.1,2675035,1540.2,10.4,323.8,60.8,69.5,1269.6
8,110,RAJASTHAN,JAIPUR,19311.1,61411.7,208375.1,183589.3,10710755,36883,215.2,7012.9,939.8,4552.4,14237.2
8,114,RAJASTHAN,JAISALMER,294.2,1730.1,3009,4181.5,1108094,256.5,7.8,98.7,4.9,14.9,856.8
8,116,RAJASTHAN,JALOR,227.7,2063.4,3907.7,3359.1,2895766,307.3,4.5,286.8,9,20.7,530.2
8,129,RAJASTHAN,JHALAWAR,246.4,2484.6,4806.3,5632.2,2134209,488.8,25.5,208,25.5,20,562.6
8,103,RAJASTHAN,JHUNJHUNU,386.2,5866.1,12272.1,8428.4,3234747,804.7,20.7,599.5,186.4,56.8,1874.8
8,113,RAJASTHAN,JODHPUR,2723,13270.1,44387,34401.6,6020924,9044.8,69.5,1779.1,232.7,261.1,4816.6
8,107,RAJASTHAN,KARAULI,121.2,2574,4361.5,2850.2,2314303,353,2.6,119.6,17.6,12.3,776.8
8,127,RAJASTHAN,KOTA,1760.7,10261.1,31060.2,22778.1,2936822,6564.6,28.6,1261.9,165.9,159.5,2504.1
8,112,RAJASTHAN,NAGAUR,388.4,3386.3,5946.2,7476.7,5008835,654.6,9,452.4,14.9,42.8,927.1
8,118,RAJASTHAN,PALI,576.9,4284.2,9133.9,7794.2,2912638,1164.2,12.2,348.1,21.9,70.3,1088.1
8,131,RAJASTHAN,PRATAPGARH,118.1,1184.5,2314.3,2750.2,1373864,325.5,2.3,87.5,6.4,8.6,428
8,123,RAJASTHAN,RAJSAMAND,410.6,3429,7893.8,4840.9,1725303,721.6,10.6,256.4,18,29.1,799.6
8,108,RAJASTHAN,SAWAI MADHOPUR,184.1,2546.3,4508.1,3658.5,1961516,458,4,179.5,12.4,15.4,594.9
8,111,RAJASTHAN,SIKAR,630.4,6191.5,11631.3,11511.7,3985441,2049.2,23.2,745.3,74.6,74.1,1838.6
8,117,RAJASTHAN,SIROHI,376,2686.4,7078.8,3408,1625444,612.3,3.1,138.3,25.3,30.6,654
8,120,RAJASTHAN,TONK,321,3289.4,6439.4,7030.2,2128491,878.7,9.5,262.3,21.5,31.9,922.8
8,130,RAJASTHAN,UDAIPUR,2815.7,13707.5,44280.1,27278.5,4617032,5310,39,1460.7,343.8,209.3,3577.4
11,244,SIKKIM,EAST SIKKIM,,,,,430694,,,,,,
11,241,SIKKIM,NORTH SIKKIM,,,,,61057,,,,,,
11,243,SIKKIM,SOUTH SIKKIM,,,,,216484,,,,,,
11,242,SIKKIM,WEST SIKKIM,,,,,177965,,,,,,
33,616,TAMIL NADU,ARIYALUR,104.7,1697.4,3045.2,7665.8,913448,432.5,3.3,76.6,112.7,10,1119.8
33,603,TAMIL NADU,CHENNAI,85075.6,164130.9,664370.8,664644.3,7055071,76015.5,716.9,10047.2,3603.9,6431.2,47430.1
33,632,TAMIL NADU,COIMBATORE,10198.6,30557.3,120814.2,130515.5,4975650,23315.5,148.9,4168.5,1177.4,1053.2,15098.7
33,617,TAMIL NADU,CUDDALORE,799.8,8023.2,18183.5,25110.1,3563505,2611.1,30.7,500.4,357.7,65.6,3826.1
33,630,TAMIL NADU,DHARMAPURI,354.7,2893.1,5656.8,14479,2114270,1231.4,16.2,282.1,183.1,49.5,1898
33,612,TAMIL NADU,DINDIGUL,831,6076.6,15104.4,24279.9,2915789,2669,11,448.1,239.1,62.1,3980.3
33,610,TAMIL NADU,ERODE,2164.1,8563,30093.5,41236.3,2659028,4902.4,16.5,1022.8,365.9,145.6,4288.7
33,604,TAMIL NADU,KANCHEEPURAM,2164.3,6175.6,21239.2,20346.6,3081332,4464.9,47.9,460.5,176.3,232.4,2988.5
33,629,TAMIL NADU,KANYAKUMARI,799.4,7778.9,20660.1,32339.5,2452938,3879.6,75.5,927.6,420.9,68.6,3541.5
33,613,TAMIL NADU,KARUR,767.6,2981.3,8669.7,16070.3,1463233,1612.3,6,386.6,176.1,57,1848.9
33,631,TAMIL NADU,KRISHNAGIRI,1667.2,6510.7,15427.2,27184.1,2564517,3533.7,39.3,742.5,259.8,158.6,3485.9
33,623,TAMIL NADU,MADURAI,2488,15002.6,42425.4,56677.2,4000538,9221.3,86.2,1898.4,607.8,291.5,10331.7
33,796,TAMIL NADU,MAYILADUTHURAI,213.4,2587.8,6368.6,6810.7,1246613,580.3,6.2,141.8,95.6,14.3,1035
33,618,TAMIL NADU,NAGAPATTINAM,180.5,2000.4,4131.1,5526.2,887261,380.5,3.4,84.9,63.2,13.7,879.2
33,609,TAMIL NADU,NAMAKKAL,1610.4,5483.3,17684.4,27328.5,2415581,2526.8,13.2,577.9,321.6,110.8,3195
33,611,TAMIL NADU,NILGIRIS,414.2,2937.4,7861.3,5858,826260,878.2,13.5,201,148.6,24.7,1352.4
33,615,TAMIL NADU,PERAMBALUR,139.7,1723.1,3249,7246.3,716885,506.3,3.4,131.5,108.5,12.9,983.3
33,621,TAMIL NADU,PUDUKKOTTAI,384.5,4350.2,8363.4,15405.7,2156868,1303.9,7.3,303.7,198,27.9,1959.5
33,626,TAMIL NADU,RAMANATHAPURAM,323.6,3524.5,6045.7,11367.2,1783720,793.7,7.3,266.1,111,26.8,1476.9
33,608,TAMIL NADU,SALEM,2847.9,10875.6,31909.6,48361.8,4762760,5605.8,92.4,1650.1,462.8,283.2,8221.8
33,622,TAMIL NADU,SIVAGANGA,343.1,5071.3,11493.1,16502.7,1859340,2116.1,18.8,310.8,195.8,23.1,2278.9
33,620,TAMIL NADU,THANJAVUR,913.1,9292.4,23419.4,31266.5,2971077,3687,33,680.6,423.9,150.7,4775.6
33,624,TAMIL NADU,THENI,497.6,3448.6,7847.4,17363,1661283,1689.7,8.5,241.3,185,37.1,2768.3
33,602,TAMIL NADU,THIRUVALLUR,2209.3,10899.1,35194.6,30837.3,3748876,7799.7,16.8,695.7,380.3,239.8,6761.7
33,619,TAMIL NADU,THIRUVARUR,246.5,3492.1,7454.1,10791.1,1689360,986.7,6.3,122.5,129.2,20.9,1750.1
33,614,TAMIL NADU,TIRUCHIRAPALLI,2014,14378.2,42973.4,44749.4,3646607,6701.3,255.9,1535.7,763.8,227.7,7647.2
33,628,TAMIL NADU,TIRUNELVALI,1029.9,7651.9,19047.5,22130.8,2264425,4065,11.8,767.3,193.3,78.5,3117.2
33,633,TAMIL NADU,TIRUPPUR,3983.4,9279.3,32186.1,54867.9,3706715,5403.1,48.2,1327.4,402.3,272,4916.2
33,606,TAMIL NADU,TIRUVANNAMALAI,572.9,5336.8,10810.6,19960.7,3469207,1494.2,28.6,310.3,174,52.4,2718.3
33,627,TAMIL NADU,TOOTHUKUDI,1051.2,7051.1,18874.1,21625,2197854,3083.1,16.1,530.7,186.5,62.8,2466.7
33,605,TAMIL NADU,VELLORE,831.5,5898.7,18540.5,16473.4,2016409,2094.9,45.9,663.6,234.3,101,3021.5
33,607,TAMIL NADU,VILLUPURAM,404,4277.6,7906.5,14955,2764976,1262.9,13.9,240.1,185.1,40.7,1928.5
33,625,TAMIL NADU,VIRUDHUNAGAR,1680.2,6577.3,18861.7,21612.4,2492520,2529.9,19.9,527.4,212.8,64.8,2851.8
36,532,TELANGANA,ADILABAD,202.1,1590.9,3093.4,4871.5,992487,991.1,5.4,175.5,51.3,41.4,1182.6
36,753,TELANGANA,BHADRADRI (KOTHAGUDEM),379.6,2923.6,5990.9,7516.2,1362759,851.6,1.8,311.8,96.6,101.9,2673
36,536,TELANGANA,HYDERABAD,57769.9,109257.8,463996.5,480750.3,4030176,69246.4,882.4,12393.5,3257.8,5253.7,41085.3
36,737,TELANGANA,JAGITIAL,209.4,2681.3,4668.8,5765.2,1315777,751.2,15.2,180.1,80.1,118.3,944.1
36,752,TELANGANA,JANGAON,82,1066.7,1635.8,4388.9,789658,574.3,3.3,90.1,45.8,22.5,625.9
36,750,TELANGANA,JAYASHANKAR (BHUPALPALLI),55.1,685.8,1296.3,1435.5,510736,122.9,0.4,23.6,11.5,13.1,419
36,744,TELANGANA,JOGULAMBA (GADWAL),105.6,958.7,1526.9,3656.2,821557,387.2,0.6,88.3,32.5,33.1,539.2
36,736,TELANGANA,KAMAREDDY,148.3,2010,3091.6,5572.9,1289775,883.1,2.7,98.8,71.5,42.9,854.7
36,534,TELANGANA,KARIMNAGAR,729.4,5436.9,11703,14058.6,1333947,2631.9,11,681.4,257.7,294.9,2491.4
36,541,TELANGANA,KHAMMAM,584.1,4467.5,8376.3,16497.9,1887493,4018.9,5.2,624.6,354,136.8,2926.8
36,733,TELANGANA,KOMRAM BHEEM (ASIFABAD),86.2,732.1,1315.9,996.6,701926,130.7,0.6,15.9,8.4,6.2,250.4
36,751,TELANGANA,MAHABUBABAD,99,1109.1,1743.8,4447.2,955669,374.7,1.2,46.9,42.5,17.6,525.6
36,538,TELANGANA,MAHBUBNAGAR,415.9,2729.9,5071,9149.4,1304229,1797.4,4.8,453.6,141.6,103.6,1905.9
36,735,TELANGANA,MANCHERIAL,280.3,2579.3,5750.2,5655.3,915918,1364.3,8.5,264.6,77.1,99.5,1503.8
36,535,TELANGANA,MEDAK,111,1349.5,2046.1,4424.6,1047074,594.1,2,129.1,42.3,97.8,623.7
36,742,TELANGANA,MEDCHAL-MALKAJGIRI,12123.1,44561.7,128124.4,138679.3,4816255,60180.5,139.8,7476.1,1865.5,3864.1,25712.2
36,780,TELANGANA,MULUGU,41.5,473,773.9,1323.4,381753,74.3,0.2,7.2,15.2,3.4,161.9
36,746,TELANGANA,NAGARKURNOOL,141.6,1449,2156.8,4552.6,1151379,423.6,1.7,65,56,34.9,655.2
36,539,TELANGANA,NALGONDA,522.2,4239.3,7084.9,17000.4,2185729,2629.1,23.9,559.1,252.6,176.4,2572.6
36,781,TELANGANA,NARAYANPET,82.1,839.4,1244.5,2184.4,824407,147,0.2,24.3,18.8,14.8,278.9
36,734,TELANGANA,NIRMAL,159.5,1526.6,2475.7,4759.2,920610,654.4,2.2,120.1,58.6,38.4,846.4
36,533,TELANGANA,NIZAMABAD,550.4,5207.1,9290.6,16573.2,2111194,3413.3,23.5,646.5,287.1,165.8,2751.9
36,738,TELANGANA,PEDDAPALLI,227.7,2557.7,5760.4,5588.2,1122296,881.1,15.6,117.7,69.3,77.3,1235.2
36,739,TELANGANA,RAJANNA(SIRCILLA),103.2,1390.6,2331.7,2621.2,724507,380.6,1.9,40.9,28.3,72.2,377
36,537,TELANGANA,RANGAREDDI,11353.6,19206.6,86562.4,50282.8,4488927,17495.1,21.1,2914,1255.6,553.4,8471.9
36,740,TELANGANA,SANGAREDDY,944.4,5993.3,12897.6,24064.9,2125402,12400.5,6.2,586.3,286.5,254.5,3943.3
36,741,TELANGANA,SIDDIPET,256.2,2615.7,4125.3,7420.8,1368991,1254.2,7.8,163.6,102.7,66.3,1023.7
36,748,TELANGANA,SURYAPET,265.6,2376.6,3981.5,11183.5,1396543,1991.2,8.9,228.6,188.8,69.5,1445.6
36,743,TELANGANA,VIKARABAD,274.8,1771,2912,4687.7,1628189,563.1,1.9,190.3,40.3,51.6,606.1
36,745,TELANGANA,WANAPARTHY,128.1,1056.9,1661.5,3362.4,821856,448.4,8.7,50.8,50.6,29.7,516.6
36,749,TELANGANA,WARANGAL,290.4,2201.4,5411.4,6515.4,1066910,1275,40.9,125.3,128.3,57.5,1324.1
36,540,TELANGANA,HANUMAKONDA,960.8,5833,16831.9,23793.6,1341350,4706.7,7.9,1387,473.5,289.1,4832.2
36,747,TELANGANA,YADADRI BHUVANAGIRI,155.5,1779.2,2761,5161.3,931565,665.8,5.7,116.7,72.5,73.2,704.7
16,291,TRIPURA,DHALAI,56.3,503.7,875.3,639.6,565860,39.5,0.6,9.1,3.1,0.4,250.2
16,709,TRIPURA,GOMATI,103,849.9,1637.1,1240.9,713637,190.9,0.8,87.5,7.6,4.4,349.2
16,708,TRIPURA,KHOWAI,44.5,396.6,777.2,413.5,427237,34.2,0.1,3.9,2.9,0.2,146
16,292,TRIPURA,NORTH TRIPURA,131.6,1127.9,2034.4,1310.6,535310,108.8,0.5,77,7.3,5.9,346.7
16,707,TRIPURA,SEPAHIJALA,40,617.6,1002,623.5,615838,57.9,0.2,6.4,3.6,2.7,110.4
16,290,TRIPURA,SOUTH TRIPURA,82,795.7,1453.6,859.4,512160,69.2,0.5,6.8,6.3,1.3,200.9
16,710,TRIPURA,UNAKOTI,23.7,194.8,338.9,290.5,471182,20.5,0.1,4,1.4,0.2,143.4
16,289,TRIPURA,WEST TRIPURA,1381.3,8682.3,21658.3,8337.9,1383216,1938.3,10.6,394.1,91.5,46.1,1932.4
9,146,UTTAR PRADESH,AGRA,4213.6,21707.7,58813.9,38621.6,6925652,6212.5,55.3,2602,238.2,301.6,4235
9,143,UTTAR PRADESH,ALIGARH,1402.8,14333.1,29037.2,13056.3,5762217,2023.2,27.6,828.4,89.9,135.6,1833
9,178,UTTAR PRADESH,AMBEDKAR NAGAR,414,5518.1,8388.1,4003.4,3796799,314.9,13.9,283,16.6,62,806.6
9,706,UTTAR PRADESH,AMETHI,260,4691.6,7909.6,3409.8,3033351,260.2,8.1,230.9,15.9,39.8,492
9,162,UTTAR PRADESH,AURAIYA,213.9,3371.7,5543.4,2222.1,2111571,198,27.3,137.3,10.9,31,478
9,177,UTTAR PRADESH,AYODHYA,816.3,9835.9,20442.1,6473.1,4033466,1010,32.9,505.7,36.7,72.4,1216.1
9,191,UTTAR PRADESH,AZAMGARH,677.6,12213.7,20081.6,6550.4,6713690,374.7,18.2,553.9,35.9,65.4,1466
9,139,UTTAR PRADESH,BAGHPAT,299,4548.2,7793.8,3546.3,1786570,321.3,3.6,157.4,26,34.9,526.2
9,180,UTTAR PRADESH,BAHRAICH,702.3,4839.2,7680,5577.5,5470080,284.3,23.7,252.1,20.1,62.6,722.3
9,193,UTTAR PRADESH,BALLIA,495.4,8131.3,13854.3,4261.3,4794192,367.6,25.8,222,25.2,71.9,1224.9
9,182,UTTAR PRADESH,BALRAMPUR,190,3556.1,4869.1,1971.5,3375660,100.4,4.2,114.1,7.2,43.4,361.5
9,170,UTTAR PRADESH,BANDA,302.9,3537.2,5931.2,2461.8,2672813,243.5,8,186.9,11.3,14.6,407.3
9,176,UTTAR PRADESH,BARA BANKI,515.7,6178.9,9701.6,6372.8,4966899,1071.2,27.6,364.3,28.4,41.7,694.4
9,150,UTTAR PRADESH,BAREILLY,1654.3,13737.6,32768.1,23497,7084822,3924.9,22.6,1199.3,169.3,208.3,3276.7
9,185,UTTAR PRADESH,BASTI,358.7,6187.3,9817.3,4043.4,3549997,339.4,8.3,277,23.5,44.5,992.8
9,754,UTTAR PRADESH,SAMBHAL,318.2,2941.8,4660.5,3612.4,3705415,288.4,4.2,119.3,26.7,38.7,436
9,134,UTTAR PRADESH,BIJNOR,765.5,9741.8,15744.9,9254.2,5763220,872.7,8.1,350.6,74.4,94.7,1204.2
9,149,UTTAR PRADESH,BUDAUN,374.1,4618.3,7070.9,5079.4,4825799,279.4,9.3,214.1,32,26.8,837.5
9,142,UTTAR PRADESH,BULANDSHAHR,893.6,11507.5,19776.9,10279.7,5442244,1235.7,8.7,577.9,58.9,125,1259.9
9,196,UTTAR PRADESH,CHANDAULI,345.1,4794.7,8515.7,4059.3,2810482,545.5,14.8,175.7,28.4,20.6,928.8
9,171,UTTAR PRADESH,CHITRAKOOT,139.5,1876.6,3008.4,1265.4,1638290,100.7,2.2,63.3,5,10.8,239
9,190,UTTAR PRADESH,DEORIA,442.6,8465.4,13709.2,5434,4275941,683.8,25.5,289.4,38.1,81.1,1434.6
9,201,UTTAR PRADESH,ETAH,277.7,3422.1,5456.6,3552.7,2720867,177.1,9.1,145.3,13.7,25.5,707
9,161,UTTAR PRADESH,ETAWAH,465.3,5099.9,9162,4148.8,2403163,308.8,11,308.7,22.4,35.9,765.6
9,159,UTTAR PRADESH,FARRUKHABAD,411.7,3862.9,6892,2872.5,2809452,206.6,6.8,177,20,28.5,630.3
9,172,UTTAR PRADESH,FATEHPUR,358,6016.7,9205.8,4251.3,3929672,285.2,9.5,294.6,15.1,23.4,734.3
9,147,UTTAR PRADESH,FIROZABAD,744.1,6634.7,11567.8,7136.9,3856460,539.7,17.7,438,29.4,59.1,967.9
9,141,UTTAR PRADESH,GAUTAM BUDDHA NAGAR,23216.4,56952.3,238450.4,130197,3429582,41482.5,129.7,5017.2,677.7,1588.3,6895.6
9,140,UTTAR PRADESH,GHAZIABAD,6824.5,33544,101051.6,51936.8,6127690,20496.3,132.8,3462,452.8,628.7,4608.9
9,195,UTTAR PRADESH,GHAZIPUR,490.1,10161.5,18049,6489.3,5385267,433.1,10.8,315.1,37.1,52.5,1589.7
9,183,UTTAR PRADESH,GONDA,472.1,6564.3,10375.8,4327.8,5321587,318.4,19.6,257.1,24.3,84.8,666.6
9,188,UTTAR PRADESH,GORAKHPUR,2618.9,21437.6,44504.8,23168.5,6587777,3959.8,35.3,2023.5,188.6,228.6,4099.5
9,168,UTTAR PRADESH,HAMIRPUR,200.4,2745.7,4165.4,2060.3,1621663,93.8,3.8,82.1,7.3,27.4,336.9
9,155,UTTAR PRADESH,HARDOI,539.2,7610.2,11681.6,5960.4,6280484,410.3,13.5,338.4,19,36.7,836.7
9,144,UTTAR PRADESH,HATHRAS,385.5,3818.4,6661.3,3891.4,2355416,292.5,6.8,144.1,23.6,30.9,559
9,165,UTTAR PRADESH,JALAUN,376.7,4190.8,6710.2,2966.5,2456866,188.2,18,142.5,14.4,27.9,469.4
9,194,UTTAR PRADESH,JAUNPUR,636,11284.1,19651.7,6825.2,6450061,606,6.4,447.6,48.8,73.4,1526.7
9,166,UTTAR PRADESH,JHANSI,1057.2,12656.5,23865.2,10670.4,2821682,2298.4,22.3,795.5,78.8,94.8,1694.2
9,137,UTTAR PRADESH,AMROHA,377.3,3007.2,4781.4,3018.8,3397726,343.1,4,179.2,24.5,63.9,605.5
9,160,UTTAR PRADESH,KANAUJ,400.9,3499.9,5486.5,2980.2,2531289,167.1,10.1,190.9,10.2,29.1,479.2
9,163,UTTAR PRADESH,KANPUR DEHAT,216.2,3409.2,5144.9,2229.6,2617266,194.7,4.9,101.9,9.3,15.4,412.6
9,164,UTTAR PRADESH,KANPUR NAGAR,7591.8,33023.7,103301.3,54781.2,6420733,8630.1,81.7,3310.6,426.7,394.5,5327.3
9,202,UTTAR PRADESH,KASGANJ,177.1,2291.2,3505.7,2187.2,2152740,102.9,12.7,61.9,11.8,15.1,288.9
9,174,UTTAR PRADESH,KAUSHAMBI,155.8,3487.3,4771.5,1991.2,2554582,101.5,5,110,3.1,20.6,469.1
9,153,UTTAR PRADESH,KHERI,543.9,6333.1,10289.8,7748.5,6405828,429.7,35.4,285,32.7,45.9,820.9
9,189,UTTAR PRADESH,KUSHI NAGAR,415.3,6510.2,9637.4,4525,5621005,346.5,18.5,226.9,29.2,116.1,899.2
9,167,UTTAR PRADESH,LALITPUR,210.1,2457.7,4249.6,3052.7,1918777,183.4,9.4,118.1,6.7,10.6,308.4
9,157,UTTAR PRADESH,LUCKNOW,13262.7,103018.4,275492.9,110717.6,7569972,23690.7,177.7,6596.4,1287.9,970,9183.1
9,187,UTTAR PRADESH,MAHARAJGANJ,583.8,4288.3,6366.2,4209.7,4406744,260.9,6.6,154.6,17.1,63.3,908.9
9,169,UTTAR PRADESH,MAHOBA,198.6,2105.3,3316.1,1980,1384319,102.5,6.7,68.6,4.9,15,205.5
9,148,UTTAR PRADESH,MAINPURI,348.2,4243.7,6728.3,4336.8,2874325,182.6,16.1,236.7,10.9,40.7,748.6
9,145,UTTAR PRADESH,MATHURA,1257.5,11408.2,25657.6,14182.5,4029994,1905.3,28.2,899.7,74.9,118,1953.2
9,192,UTTAR PRADESH,MAU,537.3,6062.9,10345.4,3724.7,3226928,279.4,16.7,219.9,23.1,473.5,721.4
9,138,UTTAR PRADESH,MEERUT,2872.7,21239.9,52226.3,28239.4,5157916,5147.4,38.3,2285.8,234.4,265.3,3875.3
9,199,UTTAR PRADESH,MIRZAPUR,508.2,6026.3,11034.8,4762,4036741,423.1,31.2,289.3,25.4,33.9,901.3
9,135,UTTAR PRADESH,MORADABAD,1815.1,9162.6,21558.3,15349.8,4497848,2640.4,16.4,1190.5,103.2,118.3,1823.4
9,133,UTTAR PRADESH,MUZAFFARNAGAR,1133.2,9283.6,17818.9,15491.4,4489208,1466,9.3,557.1,95.2,128.2,1022.7
9,705,UTTAR PRADESH,HAPUR,517.8,5301.4,9498.2,5917.6,2422601,645.5,9.5,372.2,39.8,41.5,622.5
9,151,UTTAR PRADESH,PILIBHIT,312.1,4066,6530.4,5432.8,3182830,348.7,6.9,160.5,23.7,40.3,615.6
9,704,UTTAR PRADESH,SHAMLI,237.9,3393.9,5564.8,3801.1,1834858,272.5,2.8,132.8,28.1,41.4,407
9,173,UTTAR PRADESH,PRATAPGARH,447.6,7734.2,12311.8,4080.8,4984335,312.6,15.4,299.9,21.2,44.2,900.3
9,175,UTTAR PRADESH,PRAYAGRAJ,3406.3,28809.5,65877.8,24085.4,9147623,5573.5,59.9,2187.5,206.7,271.2,4904.8
9,158,UTTAR PRADESH,RAI BARELI,523.4,7563.1,13521.6,6659.3,4424894,770.6,16.3,486.7,56.7,59.2,1214.3
9,136,UTTAR PRADESH,RAMPUR,444.9,4614.4,7473,4817.2,3751302,364.5,8.4,246.3,30.3,30.4,722.5
9,132,UTTAR PRADESH,SAHARANPUR,1240.3,11674,22155,15854,5504661,2060.7,14.8,688.6,151.6,159,1530
9,186,UTTAR PRADESH,SANT KABIR NAGAR,343.6,3332.6,4964.1,2161.5,2598298,222.6,5.1,118,12.3,28.6,559.9
9,198,UTTAR PRADESH,SANT RAVIDAS NAGAR,654.7,3909.8,7793.3,3731.4,2315271,264.2,11.6,192.4,23.2,37.6,591.1
9,152,UTTAR PRADESH,SHAHJAHANPUR,605.1,6245.8,10534.6,7995.4,4656969,733.5,20.8,285.3,34.2,80.9,977.3
9,181,UTTAR PRADESH,SHRAVASTI,243,1532.3,2232.3,1184.9,1828859,42.4,13.5,46.7,2.6,20.5,182.6
9,184,UTTAR PRADESH,SIDHARTHANAGAR,397.2,4486.3,6409.3,2488.5,4418861,190.1,5.5,150.5,9.1,43,741.4
9,154,UTTAR PRADESH,SITAPUR,543.2,6287.2,10315.1,5678.7,7084074,488.9,26.5,254.3,24,59.6,870.3
9,200,UTTAR PRADESH,SONBHADRA,615.5,5528,11351.1,4800.2,2877722,409.1,37.7,330.9,34.7,47.2,957.9
9,179,UTTAR PRADESH,SULTANPUR,357.7,5290.3,8947.6,3768.7,3539620,439.6,14.3,259.4,24,25.3,815.2
9,156,UTTAR PRADESH,UNNAO,469.3,8478,13529.9,3872.5,4694852,542,9.5,251.1,23.5,43.8,663.3
9,197,UTTAR PRADESH,VARANASI,4302.6,24520.4,64027.4,34312.9,5555303,6559.2,73.8,2158.1,319.3,251.2,4806.1
5,64,UTTARAKHAND,ALMORA,202.7,3576.3,6893.3,1695.2,831090,376.3,2.8,93.6,24.1,8.6,590.8
5,63,UTTARAKHAND,BAGESHWAR,42.8,1173.6,2064.4,433.5,344366,67.6,0.7,18.5,5.2,1.7,177.8
5,57,UTTARAKHAND,CHAMOLI,430.4,2165,3958.3,921.2,574379,142.9,0.4,43.1,7.4,1.7,426
5,65,UTTARAKHAND,CHAMPAWAT,92.1,1292.5,2591.2,791.3,388042,135.3,0.6,46.2,9.9,3.5,291.5
5,60,UTTARAKHAND,DEHRA DUN,4534.2,35695.3,116715.6,37042.1,2885498,11642.7,91.7,2691.2,497.4,265.2,4579.9
5,61,UTTARAKHAND,GARHWAL,432.7,4928.7,9928.4,2200.9,978042,536.8,4.8,162.5,31.1,15.8,611.6
5,68,UTTARAKHAND,HARIDWAR,1576.3,11978.9,29833.6,16506.8,3279112,3902.2,24.3,819,224.6,217.5,1515.1
5,66,UTTARAKHAND,NAINITAL,1175.9,9641.7,22276.7,10143.8,1483408,2536,10.7,745.6,132,67,1338.1
5,62,UTTARAKHAND,PITHORAGARH,163.6,2391.9,4555.5,1108.6,675324,148.9,1.2,59.6,12.7,3.2,581.6
5,58,UTTARAKHAND,RUDRAPRAYAG,147.2,1336.2,2349.2,564.3,336671,85.4,0.3,30.5,5.5,1.9,188.1
5,59,UTTARAKHAND,TEHRI GARHWAL,343.8,3466.6,5879.9,1382.5,901090,321.2,0.5,111.4,17.9,4.1,364.7
5,67,UTTARAKHAND,UDHAM SINGH NAGAR,1447.7,10291,20513.1,21727.7,2892827,2603,15.2,1011.8,354.9,210.5,1691.7
5,56,UTTARAKHAND,UTTAR KASHI,163.5,1293,2191.5,950.7,555539,208.5,1.4,42.4,8,2.3,284.6
19,774,WEST BENGAL,ALIPURDUAR,788.7,3437.4,7152.5,3214.3,1824767,284.8,15.6,113.9,27.3,12.8,710.8
19,339,WEST BENGAL,BANKURA,658.7,8401.4,19460.4,6246.5,5022521,1390.4,9.1,248,56.5,24.5,1074.9
19,334,WEST BENGAL,BIRBHUM,961,8275.1,19580.3,8009.8,5204926,1481.4,6.8,245.9,43,47.8,1212.5
19,331,WEST BENGAL,DAKSHIN DINAJPUR,255.2,2572.3,5056.3,3293.1,2336754,421.4,4,50.9,12.7,14,704.9
19,327,WEST BENGAL,DARJILING,1983.6,10693.7,25494.4,19172.1,2412399,4014.3,90.3,1079,131.6,120.2,4046.2
19,341,WEST BENGAL,HAORA,3277.8,18901.7,54984.7,19692.4,5521856,5356.7,16.9,563.1,219.9,176.5,2461.3
19,338,WEST BENGAL,HUGLI,2074.5,21739,57784.5,19086.8,7196403,4838,16,587.1,191.7,133.1,2279.4
19,328,WEST BENGAL,JALPAIGURI,771.3,6379,13267.9,8869.1,3625426,1628.8,30.4,349.8,62.6,25.3,1788.4
19,776,WEST BENGAL,JHARGRAM,199.2,2734,5017.2,2190.5,1574338,295.1,3.2,90.5,18.1,3.6,370
19,775,WEST BENGAL,KALIMPONG,114.7,1053.6,1922.8,1068.2,284329,257.5,6.8,37.3,10.3,3.2,326
19,329,WEST BENGAL,KOCH BIHAR,638.7,4996.5,10471.5,8047.9,4188411,1120.4,65.7,178.6,38.5,27.1,1311.6
19,342,WEST BENGAL,KOLKATA,42034.9,94005.4,457708.1,310091.7,6558040,33462,473.7,5263.4,1936.5,2301.3,15476.3
19,332,WEST BENGAL,MALDAH,810.2,7037,13807.4,8235.4,5500664,1023.9,12.8,354.1,31.6,41.5,1331.4
19,333,WEST BENGAL,MURSHIDABAD,1744.6,12050.9,25001.3,14030.4,10604825,1915.1,24.2,372.2,79.3,66.1,2441.2
19,336,WEST BENGAL,NADIA,1346.7,13916.3,32054,13191.2,6895876,2556.8,14.5,330.9,67.5,88.4,2703.9
19,337,WEST BENGAL,NORTH 24 PARGANAS,8813.1,61134,187245,53387.2,13966834,19931,57,1938.2,597.1,776.2,8067.9
19,777,WEST BENGAL,PASCHIM BARDHAMAN,2322.9,17489.3,57701.7,23197.7,4917093,4621.4,85,1628,247.2,172.5,5984.5
19,344,WEST BENGAL,PASCHIM MEDINIPUR,1534.9,13481.3,32698.7,14962.5,6950197,2506.7,23.4,578.3,345.9,80.9,2242.3
19,335,WEST BENGAL,PURBA BARDHAMAN,1568.2,12469.3,31613.9,15731.3,6019948,2698.7,13.2,430.5,101.6,89.4,1846
19,345,WEST BENGAL,PURBA MEDINIPUR,1602.5,12528.1,29390.9,14322.8,7288068,1929.7,16.8,408.8,128.4,94.3,1788.5
19,340,WEST BENGAL,PURULIYA,411.4,7160,14281.4,3712.5,4330220,760.2,8.8,138.9,36.7,13.4,857.3
19,343,WEST BENGAL,SOUTH 24 PARGANAS,1681.8,19872.3,45145.8,17627.9,12945129,4889.7,17.8,414.6,162.1,79,2093.9
19,330,WEST BENGAL,UTTAR DINAJPUR,580.2,4380.5,8357.1,6573.8,4298955,578.6,6.5,198.5,23.2,26.8,957.3
22,,CHHATTISGARH,KHAIRAGARH-CHHUIKHADAN-GANDAI,49.4,598.9,881.5,484.9,,45.1,0.2,13.5,1,1.7,83.1
22,,CHHATTISGARH,MANENDRAGARH-CHIRMIRI-BHARATPUR,104.8,1270.6,3295.3,1982.6,,95.8,45.2,128.3,8.6,863.4,362.2
22,,CHHATTISGARH,MOHLA-MANPUR-AMBAGARH CHOUKI,30.6,345.3,529.6,177.3,,15.1,1.4,12.7,0.8,0.3,45.8
22,,CHHATTISGARH,SAKTI,89.6,1350.4,2159,936,,70.1,2.6,40,4.8,4.4,219.7
22,,CHHATTISGARH,SARANGARH-BILAIGARH,91.9,1032.2,1784.1,1207.8,,90.2,5.7,53.8,8.9,1.8,271.9
23,,MADHYA PRADESH,MAIHAR,108.1,1468.8,2728.3,1034.8,,85.1,1.8,64.1,7.1,9.1,189.2
23,,MADHYA PRADESH,MAUGANJ,32,1016.6,1499.3,325.1,,16,2.6,12,1.9,2.2,72.4
23,,MADHYA PRADESH,PANDHURNA,103.3,944.7,2054.1,1357,,168.2,6.1,35.7,17.2,6.8,172.7
11,,SIKKIM,GANGTOK,933.4,3045.1,11072.2,5005,,1181.1,18.6,266.1,21.5,33.6,1156.4
11,,SIKKIM,GYALSHING,15,286.3,617.9,251.7,,94.3,3.4,6.3,1.3,2,91.9
11,,SIKKIM,MANGAN,18.5,227.8,434.2,273.3,,86.6,1.4,5.8,1.8,0.5,137.2
11,,SIKKIM,NAMCHI,114.3,701.8,1709.9,905.7,,291.2,2.7,72.3,3.2,8.7,311.8
11,,SIKKIM,PAKYONG,68.2,609,1380.6,615.1,,175.6,8.3,31.3,4.3,12.3,276.6
11,,SIKKIM,SORENG,3.8,142.8,259.1,91.2,,34.3,3.3,1.8,0.2,0,33.7
18,799,ASSAM,BAJALI,70.3,724.1,1224.7,915.3,312924,143.9,0.1,67.6,3.4,9.9,397.4
18,,ASSAM,TAMULPUR,17,230.2,318.6,162.1,,11.7,0.5,1.8,0.7,0.7,76.1
17,800,MEGHALAYA,EASTERN WEST KHASI HILLS,12.6,176.8,240.9,75.2,221343,6.2,0,2.9,2,0.9,47.4
17,299,MEGHALAYA,WEST JAINTIA HILLS,161.2,898.2,1843.6,600.7,457189,40.9,0.7,65.4,4,10.5,225.1
15,288,MIZORAM,SIAHA,23.1,125.8,201.2,172.4,85767,53.3,0,1.9,0.1,1.5,90.3
13,,NAGALAND,CHUMOUKEDIMA,125.4,524.1,964.8,738.8,,55.2,4,31.8,2.1,7.6,510.4
6,87,HARYANA,NUH,148.2,1549.3,2919.8,1583.1,1698113,207.5,0.9,227.3,6.7,93.3,205.8
3,797,PUNJAB,MALERKOTLA,284.7,2618.1,6213.5,2643.8,639648,211.7,1.9,111,23.4,51.4,300.3
8,,RAJASTHAN,ANUPGARH,231,1669.8,3316.4,5748.4,,278.4,2.1,87.2,15,21.6,530.3
8,,RAJASTHAN,BALOTRA,286.8,2393,4268.9,4415.7,,390.2,4.6,166.7,8.1,21.2,444.4
8,,RAJASTHAN,BEAWAR,319.7,2851.1,5993.3,5276.2,,1017.6,16.9,154.5,23.6,42.8,799.6
8,,RAJASTHAN,DEEG,90.5,1541.4,2542.9,2230.5,,107.9,0.6,41.6,11.6,3.9,316.3
8,,RAJASTHAN,DIDWANA-KUCHAMAN,287.8,3487.9,6251.2,5234.8,,511.5,13.3,247.9,18.6,30.4,856.5
8,,RAJASTHAN,DUDU,104.8,996.5,1681.6,2808.2,,490.9,6,67.3,3.1,27.7,250.9
8,,RAJASTHAN,GANGAPURCITY,94.1,2224.2,3665.8,2612,,355.8,2.7,86.6,8.7,8.3,612.9
8,,RAJASTHAN,JAIPUR RURAL,505.9,5212.9,9340.7,10208.6,,875.5,22.7,411.8,38.7,109.7,1279.1
8,,RAJASTHAN,JODHPUR RURAL,327.1,3167.6,5553.9,7674,,697.5,3.7,193,13.6,30.7,898.2
8,,RAJASTHAN,KEKRI,112,1315.6,2461.6,3097.9,,240.2,3.6,56.8,5.5,8.2,308.3
8,,RAJASTHAN,KHAIRTHAL-TIJARA,1017.4,3933.7,10162.9,10581.4,,2088.4,2.4,545.8,33.1,222,1286.7
8,,RAJASTHAN,KOTPUTLI-BEHROR,673.6,3919.3,8309.2,7382.8,,788.6,11.6,347.5,29.1,82.3,930.2
8,,RAJASTHAN,NEEM KA THANA,218.7,3736.9,6523.3,5372.1,,390.5,15.6,223.1,28.5,30.7,1315.8
8,,RAJASTHAN,PHALODI,116.3,895.4,1587.4,2551.3,,163,0.6,148.8,4.2,9.8,285
8,,RAJASTHAN,SALUMBER,41.5,827.7,1340,803.8,,102.3,0.1,26.3,1.8,2.8,118.5
8,,RAJASTHAN,SANCHORE,73.9,744.3,1209,1393,,101.6,1,43,1.6,9.2,175.4
8,,RAJASTHAN,SHAHPURA,70,1177.5,2041.8,2547.7,,223.4,0.6,58,4.4,11,329.2
37,805,ANDHRA PRADESH,ALLURI SITHARAMA RAJU,65.2,1052.9,1532.2,1799.2,1248236,53.5,2.7,20.6,9.9,0.6,508.4
37,804,ANDHRA PRADESH,ANAKAPALLI,404.4,3833.9,7329.8,13075.8,2614603,2294.9,4,265.3,134.5,69.8,1952.2
37,813,ANDHRA PRADESH,ANNAMAYYA,374.4,4255.5,8494.5,14259.4,2228149,1646.7,11.9,241.8,194,94,2155.4
37,810,ANDHRA PRADESH,BAPATLA,315.7,3896.1,8218.4,16722.5,2011705,2002.3,12.2,138.3,293.1,92.8,1966.7
37,807,ANDHRA PRADESH,DR. B.R. AMBEDKAR KONASEEMA,493.8,5117.7,9419.5,19986.9,2237490,3217.1,16,356.9,248.9,91.2,2216.2
37,808,ANDHRA PRADESH,ELURU,735.5,6360.6,12480.6,23529.9,2567935,3436.3,15,432.9,414.2,133.1,2761.2
37,806,ANDHRA PRADESH,KAKINADA,1121,7527.5,18909.7,29088.2,2651866,5331.5,54.3,634.1,445.1,235.4,3500.1
37,815,ANDHRA PRADESH,NANDYAL,420.9,3521.1,7121.6,15291.9,2424736,2136.3,11.5,214,188.7,126.7,2381.8
37,809,ANDHRA PRADESH,NTR,3178.5,10474.2,30318.4,74254.3,2728450,10172,41.3,1240.2,766.9,463.6,6186.3
37,811,ANDHRA PRADESH,PALNADU,598.6,4423.4,8521.4,20546,2839883,2569.2,11.3,225.1,348.5,141.4,2094.4
37,803,ANDHRA PRADESH,PARVATHIPURAM MANYAM,91,1366.7,2418.1,3885.3,1238339,386.9,4.2,50.9,39.9,15.5,957.4
37,814,ANDHRA PRADESH,SRI SATHYA SAI,769.6,3473.6,8247.3,14334.4,2481445,1656,26.6,530.9,151.1,65,2525.6
37,812,ANDHRA PRADESH,TIRUPATI,1700.2,9612,44236.1,32508.2,2937266,6604,76.3,878.6,697.6,269.9,5280.3
29,798,KARNATAKA,VIJAYANAGARA,528.5,2833.3,7318,6050.4,1438218,796.9,12.8,268.2,71.5,27,907.5
33,787,TAMIL NADU,CHENGALPATTU,4316.9,20172.5,61760.1,52556.6,4306047,18045.1,79.8,1079.3,531.2,491.2,9233.7
33,789,TAMIL NADU,KALLAKURICHI,228.2,2578.5,4410.1,11259.6,2060857,618.2,7.6,106.8,122.3,12.6,1520.8
33,786,TAMIL NADU,RANIPET,532.2,3123.9,7384,10214.8,1417744,982.6,8,145.4,125.4,58.3,1894.5
33,790,TAMIL NADU,TENKASI,328.1,3931.6,7922.5,12731.5,1840439,1564.7,5.4,257,140,26.7,1527.9
33,788,TAMIL NADU,TIRUPATHUR,335,2518.5,5101.9,8700.8,1633345,597.3,4.3,123,111,50.4,1301.2
27,515,MAHARASHTRA,CHHATRAPATI SAMBHAJINAGAR,4407.3,14268.5,45225,41348.7,5597332,11152.1,26.4,2090.8,349.7,437.9,4896.8
27,525,MAHARASHTRA,DHARASHIV,739,3839.2,8216.9,6864.1,2346562,889.6,7.8,312.6,55.4,42,1033.1